=== be-base on ppc64 ===
7832b03b747418c08b2855dd88d2ee7be6a5674d
configure args: 
configure: Configuring OCaml version 5.6.0+dev0-2026-01-26
checking build system type... powerpc64-unknown-linux-gnu
checking host system type... powerpc64-unknown-linux-gnu
checking target system type... powerpc64-unknown-linux-gnu
checking for csc... no
checking for mt... mt
checking for ld... ld
checking how to print strings... printf
checking for gcc... gcc
checking whether the C compiler works... yes
checking for C compiler default output file name... a.out
checking for suffix of executables... 
checking whether we are cross compiling... no
checking for suffix of object files... o
checking whether the compiler supports GNU C... yes
checking whether gcc accepts -g... yes
checking for gcc option to enable C11 features... none needed
checking for a sed that does not truncate output... /usr/bin/sed
checking for grep that handles long lines and -e... /usr/bin/grep
checking for egrep... /usr/bin/grep -E
checking for fgrep... /usr/bin/grep -F
checking for ld used by gcc... ld
checking if the linker (ld) is GNU ld... yes
checking for BSD- or MS-compatible name lister (nm)... /usr/bin/nm -B
checking the name lister (/usr/bin/nm -B) interface... BSD nm
checking whether ln -s works... yes
checking the maximum length of command line arguments... 1572864
checking how to convert powerpc64-unknown-linux-gnu file names to powerpc64-unknown-linux-gnu format... func_convert_file_noop
checking how to convert powerpc64-unknown-linux-gnu file names to toolchain format... func_convert_file_noop
checking for ld option to reload object files... -r
checking for file... file
checking for objdump... objdump
checking how to recognize dependent libraries... pass_all
checking for dlltool... no
checking how to associate runtime and link libraries... printf %s\n
checking for ranlib... ranlib
checking for ar... ar
checking for archiver @FILE support... @
checking for strip... strip
checking for gawk... gawk
checking command to parse /usr/bin/nm -B output from gcc object... ok
checking for sysroot... no
checking for a working dd... /usr/bin/dd
checking how to truncate binary pipes... /usr/bin/dd bs=4096 count=1
checking for mt... (cached) mt
checking if mt is a manifest tool... no
checking for stdio.h... yes
checking for stdlib.h... yes
checking for string.h... yes
checking for inttypes.h... yes
checking for stdint.h... yes
checking for strings.h... yes
checking for sys/stat.h... yes
checking for sys/types.h... yes
checking for unistd.h... yes
checking for dlfcn.h... yes
checking for objdir... .libs
checking if gcc supports -fno-rtti -fno-exceptions... no
checking for gcc option to produce PIC... -fPIC -DPIC
checking if gcc PIC flag -fPIC -DPIC works... yes
checking if gcc static flag -static works... yes
checking if gcc supports -c -o file.o... yes
checking if gcc supports -c -o file.o... (cached) yes
checking whether the gcc linker (ld) supports shared libraries... yes
checking whether -lc should be explicitly linked in... no
checking dynamic linker characteristics... GNU/Linux ld.so
checking how to hardcode library paths into programs... immediate
checking whether stripping libraries is possible... yes
checking if libtool supports shared libraries... yes
checking whether to build shared libraries... yes
checking whether to build static libraries... yes
checking if gcc generates a .note.GNU-stack section... no
checking if gcc generates .size and .type asm directives... yes
checking how to run the C preprocessor... gcc -E
checking C compiler vendor... gcc-15-3
checking whether target executables can be run in the build... yes
checking whether #! works in shell scripts... yes
checking whether the C compiler accepts -Wimplicit-fallthrough=5... yes
checking whether the C compiler accepts -Wformat-signedness... yes
checking whether the C compiler accepts -Wold-style-declaration... yes
checking whether the C compiler accepts -Wwrite-strings... yes
checking for flexdll sources... checking for flexdll.h... no
checking for a BSD-compatible install... /usr/bin/install -c
checking for library containing cos... -lm
checking for libgen.h... yes
checking for pthread_np.h... no
checking for dirent.h... yes
checking for sys/select.h... yes
checking for sys/mman.h... yes
checking for linux/futex.h... yes
checking for off_t... yes
checking size of int... 4
checking size of long... 8
checking size of long *... 8
checking size of short... 2
checking size of long long... 8
configure: Target is a 64 bits architecture
checking whether byte ordering is bigendian... yes
checking alignment of double... 8
checking alignment of long... 8
checking alignment of long long... 8
checking for max_align_t... yes
checking for options needed to enable C11 atomic support... none needed
checking whether the C compiler supports __attribute__((optimize("tree-vectorize")))... yes
checking whether gcc supports the labels as values extension... yes
configure: the native compiler is not supported on this platform
checking for ld... ld
checking for rlwrap... no
configure: checking semantics of signal handlers
checking for sigaction... yes
checking for sigprocmask... yes
configure: POSIX signal handling found.
checking for expm1... yes
checking for log1p... yes
checking for hypot... yes
checking for fma... yes
checking for exp2... yes
checking for log2... yes
checking for cbrt... yes
checking for acosh... yes
checking for asinh... yes
checking for atanh... yes
checking for erf... yes
checking for erfc... yes
checking for trunc... yes
checking for round... yes
checking for copysign... yes
checking whether round works... yes
checking whether fma works... yes
checking for getentropy... yes
checking for getrusage... yes
checking for times... yes
checking for strlcpy... yes
checking for secure_getenv... yes
checking for issetugid... no
checking for library containing clock_gettime... none required
configure: not using thread sanitizer
checking for socket... yes
checking for socketpair... yes
checking for bind... yes
checking for listen... yes
checking for accept... yes
checking for connect... yes
checking for inet_aton... yes
checking for struct sockaddr_in6... yes
checking for getaddrinfo... yes
checking for getnameinfo... yes
checking for inet_pton... yes
checking for inet_ntop... yes
checking for rewinddir... yes
checking for lockf... yes
checking for mkfifo... yes
checking for getcwd... yes
checking for system... yes
checking for sys/types.h... (cached) yes
checking for utime.h... yes
checking for utime... yes
checking for utimes... yes
checking for fchmod... yes
checking for fchown... yes
checking for truncate... yes
checking for ftruncate... yes
checking for select... yes
checking for fd_set... yes
checking for nanosleep... yes
checking for symlink... yes
checking for readlink... yes
checking for lstat... yes
checking for realpath... yes
checking for waitpid... yes
checking for wait4... yes
checking for getlogin_r... yes
checking for getgrnam_r... yes
checking for getgrgid_r... yes
checking for getpwnam_r... yes
checking for getpwuid_r... yes
checking for gmtime_r... yes
checking for localtime_r... yes
checking for getgroups... yes
checking for setgroups... yes
checking for initgroups... yes
checking for termios.h... yes
checking for tcgetattr... yes
checking for tcsetattr... yes
checking for tcsendbreak... yes
checking for tcflush... yes
checking for tcflow... yes
checking for setitimer... yes
checking for gethostname... yes
checking for sys/utsname.h... yes
checking for uname... yes
checking for gettimeofday... yes
checking for mktime... yes
checking for setsid... yes
checking for putenv... yes
checking for setenv... yes
checking for unsetenv... yes
checking for locale.h... yes
checking for newlocale... yes
checking for freelocale... yes
checking for uselocale... yes
checking for xlocale.h... no
checking for strtod_l... yes
checking for vsnprintf_l... no
checking for _create_locale... no
checking for dlopen... yes
configure: Dynamic loading of shared libraries is supported.
checking for sys/mman.h... (cached) yes
checking for mmap... yes
checking for munmap... yes
checking for pwrite... yes
checking whether the C compiler accepts -fdebug-prefix-map=old=new... yes
checking for struct stat.st_atim.tv_nsec... yes
checking for struct stat.st_atimespec.tv_nsec... no
checking for struct stat.st_atimensec... no
configure: stat supports nanosecond precision
checking how many arguments gethostbyname_r() takes... six
checking how many arguments gethostbyaddr_r() takes... eight
checking for mkstemp... yes
checking for nice... yes
checking for dup3... yes
checking for pipe2... yes
checking for accept4... yes
checking for getauxval... yes
checking for sys/shm.h... yes
checking for shmat... yes
checking for execvpe... yes
checking for spawn.h... yes
checking for posix_spawn... yes
checking for posix_spawnp... yes
checking for pkg-config... /usr/bin/pkg-config
checking for gcc options needed to detect all undeclared functions... none needed
checking whether programs can be linked with zstd... yes
checking whether programs linked with zstd can execute... skipped
configure: compressed compilation artefacts supported
configure: ocamldebug supported
checking for egrep -e... (cached) /usr/bin/grep -E
checking whether gcc is Clang... no
checking whether pthreads work with "-pthread" and "-lpthread"... yes
checking for joinable pthread attribute... PTHREAD_CREATE_JOINABLE
checking whether more special flags are required for pthreads... no
checking for PTHREAD_PRIO_INHERIT... yes
checking arguments for pthread_getaffinity_np... GNU
checking for pthread_cancel... yes
checking for pthread_setname_np... yes
checking for prctl... yes
checking for SetThreadDescription... no
configure: the threads library is supported
configure: not using frame pointers
checking whether mmap supports huge pages... yes
checking for a C++11 compiler... gcc -xc++
checking for patdiff... no
checking for diff... diff
checking for extra diff flags... --strip-trailing-cr -u
checking whether diff supports --color={auto,always,never}... true
checking whether mmap supports MAP_STACK... yes
configure: creating ./config.status
config.status: creating Makefile.build_config
config.status: creating Makefile.config
config.status: creating stdlib/sys.ml
config.status: creating otherlibs/dynlink/dynlink_config.ml
config.status: creating utils/config.common.ml
config.status: creating utils/config.generated.ml
config.status: creating compilerlibs/META
config.status: creating otherlibs/dynlink/META
config.status: creating otherlibs/runtime_events/META
config.status: creating stdlib/META
config.status: creating manual/src/version.tex
config.status: creating manual/src/html_processing/src/common.ml
config.status: creating ocamldoc/META
config.status: creating otherlibs/unix/META
config.status: creating otherlibs/str/META
config.status: creating otherlibs/systhreads/META
config.status: creating ocamltest/ocamltest_config.ml
config.status: creating runtime/caml/exec.h
config.status: creating runtime/caml/m.h
config.status: creating runtime/caml/s.h
config.status: creating runtime/caml/version.h
config.status: linking file_formats/cmo_format.mli to otherlibs/dynlink/dynlink_cmo_format.mli
config.status: linking file_formats/cmxs_format.mli to otherlibs/dynlink/dynlink_cmxs_format.mli
config.status: linking otherlibs/dynlink/dynlink_platform_intf.ml to otherlibs/dynlink/dynlink_platform_intf.mli
config.status: linking otherlibs/unix/unix_unix.ml to otherlibs/unix/unix.ml
config.status: linking ocamltest/ocamltest_unix_real.ml to ocamltest/ocamltest_unix.ml
config.status: executing libtool commands
config.status: executing links commands
config.status: executing runtime/ld.conf commands
=== configure ok ===
  GEN runtime/primitives
mkdir -p .dep/runtime
  MKEXE runtime/sak
  GEN runtime/prims.c
  GEN runtime/build_config.h
  CC runtime/prims.o
  CC runtime/addrmap.b.o
  CC runtime/afl.b.o
  CC runtime/alloc.b.o
  CC runtime/array.b.o
  CC runtime/backtrace.b.o
  CC runtime/bigarray.b.o
  CC runtime/blake2.b.o
  CC runtime/callback.b.o
  CC runtime/codefrag.b.o
  CC runtime/compare.b.o
  CC runtime/custom.b.o
  CC runtime/debugger.b.o
  CC runtime/domain.b.o
  CC runtime/dynlink.b.o
  CC runtime/extern.b.o
  CC runtime/fail.b.o
  CC runtime/fiber.b.o
  CC runtime/finalise.b.o
  CC runtime/floats.b.o
  CC runtime/gc_ctrl.b.o
  CC runtime/gc_stats.b.o
  CC runtime/globroots.b.o
  CC runtime/hash.b.o
  CC runtime/intern.b.o
  CC runtime/ints.b.o
  CC runtime/io.b.o
  CC runtime/lexing.b.o
  CC runtime/lf_skiplist.b.o
  CC runtime/main.b.o
  CC runtime/major_gc.b.o
  CC runtime/md5.b.o
  CC runtime/memory.b.o
  CC runtime/memprof.b.o
  CC runtime/meta.b.o
  CC runtime/minor_gc.b.o
  CC runtime/misc.b.o
  CC runtime/obj.b.o
  CC runtime/parsing.b.o
  CC runtime/platform.b.o
  CC runtime/printexc.b.o
  CC runtime/prng.b.o
  CC runtime/roots.b.o
  CC runtime/runtime_events.b.o
  CC runtime/shared_heap.b.o
  CC runtime/signals.b.o
  CC runtime/skiplist.b.o
  CC runtime/startup_aux.b.o
  CC runtime/str.b.o
  CC runtime/sync.b.o
  CC runtime/sys.b.o
  CC runtime/unix.b.o
  CC runtime/weak.b.o
  CC runtime/backtrace_byt.b.o
  CC runtime/fail_byt.b.o
  CC runtime/fix_code.b.o
  CC runtime/interp.b.o
  CC runtime/startup_byt.b.o
  CC runtime/zstd.b.o
  MKLIB runtime/libcamlrun.a
  MKEXE runtime/ocamlrun
cp runtime/ocamlrun boot/ocamlrun
make -C stdlib OCAMLRUN='$(ROOTDIR)/boot/ocamlrun' USE_BOOT_OCAMLC=true all
make[1]: Entering directory '~/fp14505/be-base/stdlib'
  OCAMLC camlinternalFormatBasics.cmi
  CC header.o
  MKEXE tmpheader.exe
strip tmpheader.exe
  OCAMLC camlinternalFormatBasics.cmo
  OCAMLC stdlib.cmi
  OCAMLC stdlib.cmo
  OCAMLC stdlib__Either.cmi
  OCAMLC stdlib__Sys.cmi
  OCAMLC stdlib__Int32.cmi
  OCAMLC stdlib__Type.cmi
  OCAMLC stdlib__Atomic.cmi
  OCAMLC camlinternalLazy.cmi
  OCAMLC stdlib__Pair.cmi
  OCAMLC stdlib__Bool.cmi
  OCAMLC stdlib__Char.cmi
  OCAMLC stdlib__Uchar.cmi
  OCAMLC stdlib__Int.cmi
  OCAMLC stdlib__Unit.cmi
  OCAMLC stdlib__Marshal.cmi
  OCAMLC stdlib__Int64.cmi
  OCAMLC stdlib__Nativeint.cmi
  OCAMLC stdlib__Lexing.cmi
  OCAMLC stdlib__Repr.cmi
  OCAMLC stdlib__Mutex.cmi
  OCAMLC stdlib__Semaphore.cmi
  OCAMLC stdlib__Arg.cmi
  OCAMLC stdlib__Domain.cmi
  OCAMLC stdlib__Fun.cmi
  OCAMLC stdlib__Complex.cmi
  OCAMLC stdlib__Digest.cmi
  OCAMLC stdlib__Scanf.cmi
  OCAMLC stdlib__Callback.cmi
  OCAMLC stdlib__Pqueue.cmi
  OCAMLC stdlib__Filename.cmi
  OCAMLC std_exit.cmi
  OCAMLC stdlib__Either.cmo
  OCAMLC stdlib__Sys.cmo
  OCAMLC stdlib__Obj.cmi
  OCAMLC stdlib__Atomic.cmo
  OCAMLC stdlib__Lazy.cmi
  OCAMLC stdlib__Seq.cmi
  OCAMLC stdlib__Pair.cmo
  OCAMLC stdlib__Bool.cmo
  OCAMLC stdlib__Char.cmo
  OCAMLC stdlib__Uchar.cmo
  OCAMLC stdlib__Int.cmo
  OCAMLC stdlib__Unit.cmo
  OCAMLC stdlib__Int32.cmo
  OCAMLC stdlib__Int64.cmo
  OCAMLC stdlib__Nativeint.cmo
  OCAMLC stdlib__Parsing.cmi
  OCAMLC stdlib__Repr.cmo
  OCAMLC stdlib__Mutex.cmo
  OCAMLC stdlib__Condition.cmi
  OCAMLC stdlib__Printexc.cmi
  OCAMLC stdlib__Bigarray.cmi
  OCAMLC stdlib__Random.cmi
  OCAMLC stdlib__Callback.cmo
  OCAMLC camlinternalOO.cmi
  OCAMLC camlinternalMod.cmi
  OCAMLC std_exit.cmo
  OCAMLC stdlib__Obj.cmo
  OCAMLC stdlib__Type.cmo
  OCAMLC camlinternalLazy.cmo
  OCAMLC stdlib__Lazy.cmo
  OCAMLC stdlib__Seq.cmo
  OCAMLC stdlib__Option.cmi
  OCAMLC stdlib__Result.cmi
  OCAMLC stdlib__List.cmi
  OCAMLC stdlib__Array.cmi
  OCAMLC stdlib__Iarray.cmi
  OCAMLC stdlib__Bytes.cmi
  OCAMLC stdlib__String.cmi
  OCAMLC stdlib__Float.cmi
  OCAMLC stdlib__Set.cmi
  OCAMLC stdlib__Map.cmi
  OCAMLC stdlib__Stack.cmi
  OCAMLC stdlib__Queue.cmi
  OCAMLC stdlib__Buffer.cmi
  OCAMLC stdlib__Condition.cmo
  OCAMLC stdlib__Semaphore.cmo
  OCAMLC stdlib__Gc.cmi
  OCAMLC stdlib__Hashtbl.cmi
  OCAMLC stdlib__Oo.cmi
  OCAMLC stdlib__Dynarray.cmi
  OCAMLC stdlib__ArrayLabels.cmi
  OCAMLC stdlib__ListLabels.cmi
  OCAMLC stdlib__BytesLabels.cmi
  OCAMLC stdlib__StringLabels.cmi
  OCAMLC stdlib__Effect.cmi
  OCAMLC stdlib__Option.cmo
  OCAMLC stdlib__Result.cmo
  OCAMLC stdlib__List.cmo
  OCAMLC stdlib__Array.cmo
  OCAMLC stdlib__Iarray.cmo
  OCAMLC stdlib__Bytes.cmo
  OCAMLC stdlib__String.cmo
  OCAMLC stdlib__Marshal.cmo
  OCAMLC stdlib__Float.cmo
  OCAMLC stdlib__Lexing.cmo
  OCAMLC stdlib__Parsing.cmo
  OCAMLC stdlib__Set.cmo
  OCAMLC stdlib__Map.cmo
  OCAMLC stdlib__Stack.cmo
  OCAMLC stdlib__Queue.cmo
  OCAMLC stdlib__Buffer.cmo
  OCAMLC camlinternalFormat.cmi
  OCAMLC stdlib__Printf.cmi
  OCAMLC stdlib__Domain.cmo
  OCAMLC stdlib__In_channel.cmi
  OCAMLC stdlib__Out_channel.cmi
  OCAMLC stdlib__Bigarray.cmo
  OCAMLC stdlib__Random.cmo
  OCAMLC stdlib__Hashtbl.cmo
  OCAMLC stdlib__Weak.cmi
  OCAMLC stdlib__Scanf.cmo
  OCAMLC camlinternalOO.cmo
  OCAMLC stdlib__Oo.cmo
  OCAMLC stdlib__Dynarray.cmo
  OCAMLC stdlib__Format.cmi
  OCAMLC camlinternalMod.cmo
  OCAMLC stdlib__Pqueue.cmo
  OCAMLC stdlib__Ephemeron.cmi
  OCAMLC stdlib__Filename.cmo
  OCAMLC stdlib__Complex.cmo
  OCAMLC stdlib__ArrayLabels.cmo
  OCAMLC stdlib__ListLabels.cmo
  OCAMLC stdlib__BytesLabels.cmo
  OCAMLC stdlib__StringLabels.cmo
  OCAMLC stdlib__MoreLabels.cmi
  OCAMLC stdlib__StdLabels.cmi
  OCAMLC stdlib__Effect.cmo
  OCAMLC camlinternalFormat.cmo
  OCAMLC stdlib__Printf.cmo
  OCAMLC stdlib__Arg.cmo
  OCAMLC stdlib__Printexc.cmo
  OCAMLC stdlib__Fun.cmo
  OCAMLC stdlib__Gc.cmo
  OCAMLC stdlib__In_channel.cmo
  OCAMLC stdlib__Out_channel.cmo
  OCAMLC stdlib__Digest.cmo
  OCAMLC stdlib__Weak.cmo
  OCAMLC stdlib__Format.cmo
  OCAMLC stdlib__Ephemeron.cmo
  OCAMLC stdlib__StdLabels.cmo
  OCAMLC stdlib__MoreLabels.cmo
  LINKC stdlib.cma
rm tmpheader.exe
make[1]: Leaving directory '~/fp14505/be-base/stdlib'
rm -f boot/libcamlrun.a boot/stdlib.cma boot/std_exit.cmo boot/*.cmi boot/runtime-launch-info
cp stdlib/stdlib.cma stdlib/std_exit.cmo stdlib/*.cmi stdlib/runtime-launch-info boot
cd  boot && ln -sf  ../runtime/libcamlrun.a .
make all
make[1]: Entering directory '~/fp14505/be-base'
  CC runtime/addrmap.bd.o
  CC runtime/afl.bd.o
  CC runtime/alloc.bd.o
  CC runtime/array.bd.o
  CC runtime/backtrace.bd.o
  CC runtime/bigarray.bd.o
  CC runtime/blake2.bd.o
  CC runtime/callback.bd.o
  CC runtime/codefrag.bd.o
  CC runtime/compare.bd.o
  CC runtime/custom.bd.o
  CC runtime/debugger.bd.o
  CC runtime/domain.bd.o
  CC runtime/dynlink.bd.o
  CC runtime/extern.bd.o
  CC runtime/fail.bd.o
  CC runtime/fiber.bd.o
  CC runtime/finalise.bd.o
  CC runtime/floats.bd.o
  CC runtime/gc_ctrl.bd.o
  CC runtime/gc_stats.bd.o
  CC runtime/globroots.bd.o
  CC runtime/hash.bd.o
  CC runtime/intern.bd.o
  CC runtime/ints.bd.o
  CC runtime/io.bd.o
  CC runtime/lexing.bd.o
  CC runtime/lf_skiplist.bd.o
  CC runtime/main.bd.o
  CC runtime/major_gc.bd.o
  CC runtime/md5.bd.o
  CC runtime/memory.bd.o
  CC runtime/memprof.bd.o
  CC runtime/meta.bd.o
  CC runtime/minor_gc.bd.o
  CC runtime/misc.bd.o
  CC runtime/obj.bd.o
  CC runtime/parsing.bd.o
  CC runtime/platform.bd.o
  CC runtime/printexc.bd.o
  CC runtime/prng.bd.o
  CC runtime/roots.bd.o
  CC runtime/runtime_events.bd.o
  CC runtime/shared_heap.bd.o
  CC runtime/signals.bd.o
  CC runtime/skiplist.bd.o
  CC runtime/startup_aux.bd.o
  CC runtime/str.bd.o
  CC runtime/sync.bd.o
  CC runtime/sys.bd.o
  CC runtime/unix.bd.o
  CC runtime/weak.bd.o
  CC runtime/backtrace_byt.bd.o
  CC runtime/fail_byt.bd.o
  CC runtime/fix_code.bd.o
  CC runtime/interp.bd.o
  CC runtime/startup_byt.bd.o
  CC runtime/zstd.bd.o
  CC runtime/instrtrace.bd.o
  CC runtime/addrmap.bi.o
  CC runtime/afl.bi.o
  CC runtime/alloc.bi.o
  CC runtime/array.bi.o
  CC runtime/backtrace.bi.o
  CC runtime/bigarray.bi.o
  CC runtime/blake2.bi.o
  CC runtime/callback.bi.o
  CC runtime/codefrag.bi.o
  CC runtime/compare.bi.o
  CC runtime/custom.bi.o
  CC runtime/debugger.bi.o
  CC runtime/domain.bi.o
  CC runtime/dynlink.bi.o
  CC runtime/extern.bi.o
  CC runtime/fail.bi.o
  CC runtime/fiber.bi.o
  CC runtime/finalise.bi.o
  CC runtime/floats.bi.o
  CC runtime/gc_ctrl.bi.o
  CC runtime/gc_stats.bi.o
  CC runtime/globroots.bi.o
  CC runtime/hash.bi.o
  CC runtime/intern.bi.o
  CC runtime/ints.bi.o
  CC runtime/io.bi.o
  CC runtime/lexing.bi.o
  CC runtime/lf_skiplist.bi.o
  CC runtime/main.bi.o
  CC runtime/major_gc.bi.o
  CC runtime/md5.bi.o
  CC runtime/memory.bi.o
  CC runtime/memprof.bi.o
  CC runtime/meta.bi.o
  CC runtime/minor_gc.bi.o
  CC runtime/misc.bi.o
  CC runtime/obj.bi.o
  CC runtime/parsing.bi.o
  CC runtime/platform.bi.o
  CC runtime/printexc.bi.o
  CC runtime/prng.bi.o
  CC runtime/roots.bi.o
  CC runtime/runtime_events.bi.o
  CC runtime/shared_heap.bi.o
  CC runtime/signals.bi.o
  CC runtime/skiplist.bi.o
  CC runtime/startup_aux.bi.o
  CC runtime/str.bi.o
  CC runtime/sync.bi.o
  CC runtime/sys.bi.o
  CC runtime/unix.bi.o
  CC runtime/weak.bi.o
  CC runtime/backtrace_byt.bi.o
  CC runtime/fail_byt.bi.o
  CC runtime/fix_code.bi.o
  CC runtime/interp.bi.o
  CC runtime/startup_byt.bi.o
  CC runtime/zstd.bi.o
  CC runtime/addrmap.bpic.o
  CC runtime/afl.bpic.o
  CC runtime/alloc.bpic.o
  CC runtime/array.bpic.o
  CC runtime/backtrace.bpic.o
  CC runtime/bigarray.bpic.o
  CC runtime/blake2.bpic.o
  CC runtime/callback.bpic.o
  CC runtime/codefrag.bpic.o
  CC runtime/compare.bpic.o
  CC runtime/custom.bpic.o
  CC runtime/debugger.bpic.o
  CC runtime/domain.bpic.o
  CC runtime/dynlink.bpic.o
  CC runtime/extern.bpic.o
  CC runtime/fail.bpic.o
  CC runtime/fiber.bpic.o
  CC runtime/finalise.bpic.o
  CC runtime/floats.bpic.o
  CC runtime/gc_ctrl.bpic.o
  CC runtime/gc_stats.bpic.o
  CC runtime/globroots.bpic.o
  CC runtime/hash.bpic.o
  CC runtime/intern.bpic.o
  CC runtime/ints.bpic.o
  CC runtime/io.bpic.o
  CC runtime/lexing.bpic.o
  CC runtime/lf_skiplist.bpic.o
  CC runtime/main.bpic.o
  CC runtime/major_gc.bpic.o
  CC runtime/md5.bpic.o
  CC runtime/memory.bpic.o
  CC runtime/memprof.bpic.o
  CC runtime/meta.bpic.o
  CC runtime/minor_gc.bpic.o
  CC runtime/misc.bpic.o
  CC runtime/obj.bpic.o
  CC runtime/parsing.bpic.o
  CC runtime/platform.bpic.o
  CC runtime/printexc.bpic.o
  CC runtime/prng.bpic.o
  CC runtime/roots.bpic.o
  CC runtime/runtime_events.bpic.o
  CC runtime/shared_heap.bpic.o
  CC runtime/signals.bpic.o
  CC runtime/skiplist.bpic.o
  CC runtime/startup_aux.bpic.o
  CC runtime/str.bpic.o
  CC runtime/sync.bpic.o
  CC runtime/sys.bpic.o
  CC runtime/unix.bpic.o
  CC runtime/weak.bpic.o
  CC runtime/backtrace_byt.bpic.o
  CC runtime/fail_byt.bpic.o
  CC runtime/fix_code.bpic.o
  CC runtime/interp.bpic.o
  CC runtime/startup_byt.bpic.o
  CC runtime/zstd.bpic.o
mkdir -p runtime/api-testing
  MKLIB runtime/libcamlrund.a
  MKLIB runtime/libcamlruni.a
  GEN runtime/api-testing/runtime_events_consumer.c
  GEN runtime/api-testing/threads.c
  GEN runtime/api-testing/socketaddr.c
  GEN runtime/api-testing/unixsupport.c
  GEN runtime/api-testing/address_class.c
  GEN runtime/api-testing/addrmap.c
  GEN runtime/api-testing/alloc.c
  GEN runtime/api-testing/asm.c
  GEN runtime/api-testing/backtrace.c
  GEN runtime/api-testing/backtrace_prim.c
  GEN runtime/api-testing/bigarray.c
  GEN runtime/api-testing/blake2.c
  GEN runtime/api-testing/callback.c
  GEN runtime/api-testing/camlatomic.c
  GEN runtime/api-testing/codefrag.c
  GEN runtime/api-testing/compare.c
  GEN runtime/api-testing/compatibility.c
  GEN runtime/api-testing/config.c
  GEN runtime/api-testing/custom.c
  GEN runtime/api-testing/debugger.c
  GEN runtime/api-testing/domain.c
  GEN runtime/api-testing/domain_state.c
  GEN runtime/api-testing/dynlink.c
  GEN runtime/api-testing/exec.c
  GEN runtime/api-testing/fail.c
  GEN runtime/api-testing/fiber.c
  GEN runtime/api-testing/finalise.c
  GEN runtime/api-testing/fix_code.c
  GEN runtime/api-testing/frame_descriptors.c
  GEN runtime/api-testing/gc.c
  GEN runtime/api-testing/gc_ctrl.c
  GEN runtime/api-testing/gc_stats.c
  GEN runtime/api-testing/globroots.c
  GEN runtime/api-testing/hash.c
  GEN runtime/api-testing/hooks.c
  GEN runtime/api-testing/instrtrace.c
  GEN runtime/api-testing/instruct.c
  GEN runtime/api-testing/interp.c
  GEN runtime/api-testing/intext.c
  GEN runtime/api-testing/io.c
  GEN runtime/api-testing/lf_skiplist.c
  GEN runtime/api-testing/m.c
  GEN runtime/api-testing/major_gc.c
  GEN runtime/api-testing/md5.c
  GEN runtime/api-testing/memory.c
  GEN runtime/api-testing/memprof.c
  GEN runtime/api-testing/minor_gc.c
  GEN runtime/api-testing/misc.c
  GEN runtime/api-testing/mlvalues.c
  GEN runtime/api-testing/opcodes.c
  GEN runtime/api-testing/osdeps.c
  GEN runtime/api-testing/platform.c
  GEN runtime/api-testing/prims.c
  GEN runtime/api-testing/printexc.c
  GEN runtime/api-testing/reverse.c
  GEN runtime/api-testing/roots.c
  GEN runtime/api-testing/runtime_events.c
  GEN runtime/api-testing/s.c
  GEN runtime/api-testing/shared_heap.c
  GEN runtime/api-testing/signals.c
  GEN runtime/api-testing/sizeclasses.c
  GEN runtime/api-testing/skiplist.c
  GEN runtime/api-testing/stack.c
  GEN runtime/api-testing/startup.c
  GEN runtime/api-testing/startup_aux.c
  GEN runtime/api-testing/sync.c
  GEN runtime/api-testing/sys.c
  GEN runtime/api-testing/tsan.c
  GEN runtime/api-testing/version.c
  GEN runtime/api-testing/weak.c
  GEN runtime/api-testing/winsupport.c
  GEN runtime/api-testing/runtime_events_consumer.cpp
  GEN runtime/api-testing/threads.cpp
  GEN runtime/api-testing/socketaddr.cpp
  GEN runtime/api-testing/unixsupport.cpp
  GEN runtime/api-testing/address_class.cpp
  GEN runtime/api-testing/addrmap.cpp
  GEN runtime/api-testing/alloc.cpp
  GEN runtime/api-testing/asm.cpp
  GEN runtime/api-testing/backtrace.cpp
  GEN runtime/api-testing/backtrace_prim.cpp
  GEN runtime/api-testing/bigarray.cpp
  GEN runtime/api-testing/blake2.cpp
  GEN runtime/api-testing/callback.cpp
  GEN runtime/api-testing/camlatomic.cpp
  GEN runtime/api-testing/codefrag.cpp
  GEN runtime/api-testing/compare.cpp
  GEN runtime/api-testing/compatibility.cpp
  GEN runtime/api-testing/config.cpp
  GEN runtime/api-testing/custom.cpp
  GEN runtime/api-testing/debugger.cpp
  GEN runtime/api-testing/domain.cpp
  GEN runtime/api-testing/domain_state.cpp
  GEN runtime/api-testing/dynlink.cpp
  GEN runtime/api-testing/exec.cpp
  GEN runtime/api-testing/fail.cpp
  GEN runtime/api-testing/fiber.cpp
  GEN runtime/api-testing/finalise.cpp
  GEN runtime/api-testing/fix_code.cpp
  GEN runtime/api-testing/frame_descriptors.cpp
  GEN runtime/api-testing/gc.cpp
  GEN runtime/api-testing/gc_ctrl.cpp
  GEN runtime/api-testing/gc_stats.cpp
  GEN runtime/api-testing/globroots.cpp
  GEN runtime/api-testing/hash.cpp
  GEN runtime/api-testing/hooks.cpp
  GEN runtime/api-testing/instrtrace.cpp
  GEN runtime/api-testing/instruct.cpp
  GEN runtime/api-testing/interp.cpp
  GEN runtime/api-testing/intext.cpp
  GEN runtime/api-testing/io.cpp
  GEN runtime/api-testing/lf_skiplist.cpp
  GEN runtime/api-testing/m.cpp
  GEN runtime/api-testing/major_gc.cpp
  GEN runtime/api-testing/md5.cpp
  GEN runtime/api-testing/memory.cpp
  GEN runtime/api-testing/memprof.cpp
  GEN runtime/api-testing/minor_gc.cpp
  GEN runtime/api-testing/misc.cpp
  GEN runtime/api-testing/mlvalues.cpp
  GEN runtime/api-testing/opcodes.cpp
  GEN runtime/api-testing/osdeps.cpp
  GEN runtime/api-testing/platform.cpp
  GEN runtime/api-testing/prims.cpp
  GEN runtime/api-testing/printexc.cpp
  GEN runtime/api-testing/reverse.cpp
  GEN runtime/api-testing/roots.cpp
  GEN runtime/api-testing/runtime_events.cpp
  GEN runtime/api-testing/s.cpp
  GEN runtime/api-testing/shared_heap.cpp
  GEN runtime/api-testing/signals.cpp
  GEN runtime/api-testing/sizeclasses.cpp
  GEN runtime/api-testing/skiplist.cpp
  GEN runtime/api-testing/stack.cpp
  GEN runtime/api-testing/startup.cpp
  GEN runtime/api-testing/startup_aux.cpp
  GEN runtime/api-testing/sync.cpp
  GEN runtime/api-testing/sys.cpp
  GEN runtime/api-testing/tsan.cpp
  GEN runtime/api-testing/version.cpp
  GEN runtime/api-testing/weak.cpp
  GEN runtime/api-testing/winsupport.cpp
  CC runtime/api-testing/runtime_events_consumer.c.o
  CC runtime/api-testing/threads.c.o
  CC runtime/api-testing/socketaddr.c.o
  CC runtime/api-testing/unixsupport.c.o
  CC runtime/api-testing/address_class.c.o
  CC runtime/api-testing/addrmap.c.o
  CC runtime/api-testing/alloc.c.o
  CC runtime/api-testing/asm.c.o
  CC runtime/api-testing/backtrace.c.o
  CC runtime/api-testing/backtrace_prim.c.o
  CC runtime/api-testing/bigarray.c.o
  CC runtime/api-testing/blake2.c.o
  CC runtime/api-testing/callback.c.o
  CC runtime/api-testing/camlatomic.c.o
  CC runtime/api-testing/codefrag.c.o
  CC runtime/api-testing/compare.c.o
  CC runtime/api-testing/compatibility.c.o
  CC runtime/api-testing/config.c.o
  CC runtime/api-testing/custom.c.o
  CC runtime/api-testing/debugger.c.o
  CC runtime/api-testing/domain.c.o
  CC runtime/api-testing/domain_state.c.o
  CC runtime/api-testing/dynlink.c.o
  CC runtime/api-testing/exec.c.o
  CC runtime/api-testing/fail.c.o
  CC runtime/api-testing/fiber.c.o
  CC runtime/api-testing/finalise.c.o
  CC runtime/api-testing/fix_code.c.o
  CC runtime/api-testing/frame_descriptors.c.o
  CC runtime/api-testing/gc.c.o
  CC runtime/api-testing/gc_ctrl.c.o
  CC runtime/api-testing/gc_stats.c.o
  CC runtime/api-testing/globroots.c.o
  CC runtime/api-testing/hash.c.o
  CC runtime/api-testing/hooks.c.o
  CC runtime/api-testing/instrtrace.c.o
  CC runtime/api-testing/instruct.c.o
  CC runtime/api-testing/interp.c.o
  CC runtime/api-testing/intext.c.o
  CC runtime/api-testing/io.c.o
  CC runtime/api-testing/lf_skiplist.c.o
  CC runtime/api-testing/m.c.o
  CC runtime/api-testing/major_gc.c.o
  CC runtime/api-testing/md5.c.o
  CC runtime/api-testing/memory.c.o
  CC runtime/api-testing/memprof.c.o
  CC runtime/api-testing/minor_gc.c.o
  CC runtime/api-testing/misc.c.o
  CC runtime/api-testing/mlvalues.c.o
  CC runtime/api-testing/opcodes.c.o
  CC runtime/api-testing/osdeps.c.o
  CC runtime/api-testing/platform.c.o
  CC runtime/api-testing/prims.c.o
  CC runtime/api-testing/printexc.c.o
  CC runtime/api-testing/reverse.c.o
  CC runtime/api-testing/roots.c.o
  CC runtime/api-testing/runtime_events.c.o
  CC runtime/api-testing/s.c.o
  CC runtime/api-testing/shared_heap.c.o
  CC runtime/api-testing/signals.c.o
  CC runtime/api-testing/sizeclasses.c.o
  CC runtime/api-testing/skiplist.c.o
  CC runtime/api-testing/stack.c.o
  CC runtime/api-testing/startup.c.o
  CC runtime/api-testing/startup_aux.c.o
  CC runtime/api-testing/sync.c.o
  CC runtime/api-testing/sys.c.o
  CC runtime/api-testing/tsan.c.o
  CC runtime/api-testing/version.c.o
  CC runtime/api-testing/weak.c.o
  CC runtime/api-testing/winsupport.c.o
  CXX runtime/api-testing/runtime_events_consumer.cpp.o
  CXX runtime/api-testing/threads.cpp.o
  CXX runtime/api-testing/socketaddr.cpp.o
  CXX runtime/api-testing/unixsupport.cpp.o
  CXX runtime/api-testing/address_class.cpp.o
  CXX runtime/api-testing/addrmap.cpp.o
  CXX runtime/api-testing/alloc.cpp.o
  CXX runtime/api-testing/asm.cpp.o
  CXX runtime/api-testing/backtrace.cpp.o
  CXX runtime/api-testing/backtrace_prim.cpp.o
  CXX runtime/api-testing/bigarray.cpp.o
  CXX runtime/api-testing/blake2.cpp.o
  CXX runtime/api-testing/callback.cpp.o
  CXX runtime/api-testing/camlatomic.cpp.o
  CXX runtime/api-testing/codefrag.cpp.o
  CXX runtime/api-testing/compare.cpp.o
  CXX runtime/api-testing/compatibility.cpp.o
  CXX runtime/api-testing/config.cpp.o
  CXX runtime/api-testing/custom.cpp.o
  CXX runtime/api-testing/debugger.cpp.o
  CXX runtime/api-testing/domain.cpp.o
  CXX runtime/api-testing/domain_state.cpp.o
  CXX runtime/api-testing/dynlink.cpp.o
  CXX runtime/api-testing/exec.cpp.o
  CXX runtime/api-testing/fail.cpp.o
  CXX runtime/api-testing/fiber.cpp.o
  CXX runtime/api-testing/finalise.cpp.o
  CXX runtime/api-testing/fix_code.cpp.o
  CXX runtime/api-testing/frame_descriptors.cpp.o
  CXX runtime/api-testing/gc.cpp.o
  CXX runtime/api-testing/gc_ctrl.cpp.o
  CXX runtime/api-testing/gc_stats.cpp.o
  CXX runtime/api-testing/globroots.cpp.o
  CXX runtime/api-testing/hash.cpp.o
  CXX runtime/api-testing/hooks.cpp.o
  CXX runtime/api-testing/instrtrace.cpp.o
  CXX runtime/api-testing/instruct.cpp.o
  CXX runtime/api-testing/interp.cpp.o
  CXX runtime/api-testing/intext.cpp.o
  CXX runtime/api-testing/io.cpp.o
  CXX runtime/api-testing/lf_skiplist.cpp.o
  CXX runtime/api-testing/m.cpp.o
  CXX runtime/api-testing/major_gc.cpp.o
  CXX runtime/api-testing/md5.cpp.o
  CXX runtime/api-testing/memory.cpp.o
  CXX runtime/api-testing/memprof.cpp.o
  CXX runtime/api-testing/minor_gc.cpp.o
  CXX runtime/api-testing/misc.cpp.o
  CXX runtime/api-testing/mlvalues.cpp.o
  CXX runtime/api-testing/opcodes.cpp.o
  CXX runtime/api-testing/osdeps.cpp.o
  CXX runtime/api-testing/platform.cpp.o
  CXX runtime/api-testing/prims.cpp.o
  CXX runtime/api-testing/printexc.cpp.o
  CXX runtime/api-testing/reverse.cpp.o
  CXX runtime/api-testing/roots.cpp.o
  CXX runtime/api-testing/runtime_events.cpp.o
  CXX runtime/api-testing/s.cpp.o
  CXX runtime/api-testing/shared_heap.cpp.o
  CXX runtime/api-testing/signals.cpp.o
  CXX runtime/api-testing/sizeclasses.cpp.o
  CXX runtime/api-testing/skiplist.cpp.o
  CXX runtime/api-testing/stack.cpp.o
  CXX runtime/api-testing/startup.cpp.o
  CXX runtime/api-testing/startup_aux.cpp.o
  CXX runtime/api-testing/sync.cpp.o
  CXX runtime/api-testing/sys.cpp.o
  CXX runtime/api-testing/tsan.cpp.o
  CXX runtime/api-testing/version.cpp.o
  CXX runtime/api-testing/weak.cpp.o
  CXX runtime/api-testing/winsupport.cpp.o
  MKEXE runtime/ocamlrund
  MKEXE runtime/ocamlruni
  MKLIB runtime/libcamlrun_pic.a
  MKDLL runtime/libcamlrun_shared.so
cd  stdlib && ln -sf  ../runtime/libcamlrun.a .
make ocamlc
make[2]: Entering directory '~/fp14505/be-base'
  OCAMLC utils/config.cmi
  OCAMLC utils/build_path_prefix_map.cmi
  OCAMLC utils/format_doc.cmi
  OCAMLC utils/identifiable.cmi
  OCAMLC utils/arg_helper.cmi
  OCAMLC utils/local_store.cmi
  OCAMLC utils/load_path.cmi
  OCAMLC utils/terminfo.cmi
  OCAMLC utils/ccomp.cmi
  OCAMLC utils/targetint.cmi
  OCAMLC utils/int_replace_polymorphic_compare.cmi
  GEN utils/domainstate.mli
  OCAMLC utils/binutils.cmi
  OCAMLC utils/lazy_backtrack.cmi
  OCAMLC utils/stable_matching.cmi
  OCAMLC utils/compression.cmi
  OCAMLC parsing/unit_info.cmi
  GEN parsing/camlinternalMenhirLib.mli
  OCAMLC typing/value_rec_types.cmi
  OCAMLC lambda/switch.cmi
  OCAMLC lambda/runtimedef.cmi
  OCAMLC file_formats/cmo_format.cmi
  OCAMLC middle_end/flambda/allocated_const.cmi
  OCAMLC file_formats/cmxs_format.cmi
  GEN bytecomp/opcodes.ml
  OCAMLC bytecomp/bytesections.cmi
  OCAMLC bytecomp/dll.cmi
  OCAMLC driver/main_args.cmi
  OCAMLC driver/makedepend.cmi
  GEN utils/config_main.ml
  OCAMLC utils/build_path_prefix_map.cmo
  OCAMLC utils/local_store.cmo
  OCAMLC utils/terminfo.cmo
  OCAMLC utils/int_replace_polymorphic_compare.cmo
  GEN utils/domainstate.ml
  OCAMLC utils/binutils.cmo
  OCAMLC utils/lazy_backtrack.cmo
  OCAMLC utils/stable_matching.cmo
  OCAMLC utils/compression.cmo
  GEN parsing/camlinternalMenhirLib.ml
  OCAMLLEX parsing/lexer.ml
  OCAMLC lambda/switch.cmo
  GEN lambda/runtimedef.ml
  OCAMLC bytecomp/bytesections.cmo
cp utils/config.mli utils/config_main.mli
  GEN utils/config_boot.ml
cp utils/config.mli utils/config_boot.mli
  OCAMLC bytecomp/opnames.cmi
  OCAMLC driver/errors.cmi
  OCAMLC driver/maindriver.cmi
  OCAMLLEX bytecomp/byterntm.ml
  GEN bytecomp/opnames.ml
  OCAMLC driver/main.cmi
  OCAMLC utils/misc.cmi
  OCAMLC utils/warnings.cmi
  OCAMLC utils/linkdeps.cmi
  OCAMLC utils/domainstate.cmi
  OCAMLC parsing/camlinternalMenhirLib.cmi
  GEN bytecomp/opcodes.mli
  GEN utils/config.ml
  OCAMLC utils/format_doc.cmo
  OCAMLC utils/arg_helper.cmo
  OCAMLC lambda/runtimedef.cmo
  OCAMLC utils/config_main.cmi
  OCAMLC utils/config_boot.cmi
  OCAMLC bytecomp/bytelibrarian.cmi
  OCAMLC bytecomp/opnames.cmo
  OCAMLC driver/main.cmo
  OCAMLC parsing/location.cmi
  OCAMLC utils/config.cmo
  OCAMLC utils/domainstate.cmo
  OCAMLC utils/config_main.cmo
  OCAMLC utils/config_boot.cmo
  OCAMLC bytecomp/opcodes.cmi
  OCAMLC utils/numbers.cmi
  OCAMLC utils/strongly_connected_components.cmi
  OCAMLC typing/ident.cmi
  OCAMLC middle_end/linkage_name.cmi
  OCAMLC middle_end/flambda/base_types/tag.cmi
  OCAMLC middle_end/flambda/base_types/static_exception.cmi
  OCAMLC bytecomp/opcodes.cmo
  OCAMLC driver/errors.cmo
  OCAMLC parsing/asttypes.cmi
  OCAMLC parsing/longident.cmi
  OCAMLC parsing/syntaxerr.cmi
  OCAMLC typing/annot.cmi
  OCAMLC parsing/camlinternalMenhirLib.cmo
  OCAMLC parsing/asttypes.cmo
  OCAMLC parsing/parsetree.cmi
  OCAMLC utils/clflags.cmi
  OCAMLC utils/consistbl.cmi
  OCAMLC utils/diffing.cmi
  OCAMLC utils/misc.cmo
  OCAMLC utils/identifiable.cmo
  OCAMLC utils/load_path.cmo
  OCAMLC utils/warnings.cmo
  OCAMLC utils/linkdeps.cmo
  OCAMLC utils/targetint.cmo
  OCAMLC parsing/unit_info.cmo
  OCAMLC parsing/longident.cmo
  OCAMLC parsing/syntaxerr.cmo
  OCAMLC bytecomp/dll.cmo
  OCAMLC bytecomp/byterntm.cmi
  OCAMLC utils/profile.cmi
  OCAMLC utils/diffing_with_keys.cmi
  OCAMLC typing/path.cmi
  OCAMLC lambda/debuginfo.cmi
  OCAMLC middle_end/compilation_unit.cmi
  OCAMLC driver/compenv.cmi
  OCAMLC utils/numbers.cmo
  OCAMLC utils/clflags.cmo
  OCAMLC utils/profile.cmo
  OCAMLC utils/ccomp.cmo
  OCAMLC utils/consistbl.cmo
  OCAMLC utils/strongly_connected_components.cmo
  OCAMLC utils/diffing.cmo
  OCAMLC utils/diffing_with_keys.cmo
  OCAMLC parsing/location.cmo
  OCAMLC typing/ident.cmo
  OCAMLC lambda/debuginfo.cmo
  OCAMLC driver/compenv.cmo
  OCAMLC driver/main_args.cmo
  OCAMLC bytecomp/byterntm.cmo
  OCAMLC parsing/docstrings.cmi
  OCAMLC parsing/ast_iterator.cmi
  OCAMLC parsing/builtin_attributes.cmi
  OCAMLC parsing/pprintast.cmi
  OCAMLC parsing/parse.cmi
  OCAMLC parsing/printast.cmi
  OCAMLC parsing/ast_mapper.cmi
  OCAMLC parsing/attr_helper.cmi
  OCAMLC parsing/ast_invariants.cmi
  OCAMLC parsing/depend.cmi
  OCAMLC typing/type_immediacy.cmi
  OCAMLC typing/shape.cmi
  OCAMLC middle_end/flambda/base_types/set_of_closures_id.cmi
  OCAMLC middle_end/flambda/base_types/export_id.cmi
  OCAMLC middle_end/backend_var.cmi
  OCAMLC driver/pparse.cmi
  OCAMLC parsing/docstrings.cmo
  OCAMLC parsing/ast_iterator.cmo
  OCAMLC parsing/printast.cmo
  OCAMLC parsing/attr_helper.cmo
  OCAMLC parsing/ast_invariants.cmo
  OCAMLC parsing/depend.cmo
  OCAMLC typing/type_immediacy.cmo
  OCAMLC driver/pparse.cmo
  OCAMLC parsing/ast_helper.cmi
  OCAMLC typing/outcometree.cmi
  OCAMLC middle_end/flambda/base_types/set_of_closures_origin.cmi
  OCAMLC typing/shape.cmo
  OCAMLC typing/primitive.cmi
  OCAMLC typing/oprint.cmi
  OCAMLC typing/types.cmi
  OCAMLC typing/primitive.cmo
  GEN parsing/parser.mli
  OCAMLC parsing/ast_helper.cmo
  OCAMLC parsing/builtin_attributes.cmo
  GEN parsing/parser.ml
  OCAMLC parsing/ast_mapper.cmo
  OCAMLC parsing/parser.cmi
  OCAMLC parsing/parser.cmo
  OCAMLC parsing/lexer.cmi
  OCAMLC parsing/lexer.cmo
  OCAMLC parsing/pprintast.cmo
  OCAMLC parsing/parse.cmo
  OCAMLC typing/path.cmo
  OCAMLC typing/oprint.cmo
  OCAMLC driver/makedepend.cmo
  OCAMLC typing/data_types.cmi
  OCAMLC typing/rawprinttyp.cmi
  OCAMLC typing/gprinttyp.cmi
  OCAMLC typing/btype.cmi
  OCAMLC typing/subst.cmi
  OCAMLC typing/predef.cmi
  OCAMLC typing/datarepr.cmi
  OCAMLC typing/typing_recovery.cmi
  OCAMLC file_formats/cmi_format.cmi
  OCAMLC typing/errortrace.cmi
  OCAMLC typing/signature_group.cmi
  OCAMLC typing/types.cmo
  OCAMLC typing/data_types.cmo
  OCAMLC typing/rawprinttyp.cmo
  OCAMLC typing/gprinttyp.cmo
  OCAMLC typing/typing_recovery.cmo
  OCAMLC file_formats/cmi_format.cmo
  OCAMLC typing/signature_group.cmo
  OCAMLC typing/persistent_env.cmi
  OCAMLC typing/env.cmi
  OCAMLC typing/btype.cmo
  OCAMLC typing/subst.cmo
  OCAMLC typing/predef.cmo
  OCAMLC typing/datarepr.cmo
  OCAMLC typing/persistent_env.cmo
  OCAMLC typing/errortrace.cmo
  OCAMLC bytecomp/bytepackager.cmi
  OCAMLC typing/typedtree.cmi
  OCAMLC typing/ctype.cmi
  OCAMLC typing/out_type.cmi
  OCAMLC typing/mtype.cmi
  OCAMLC typing/envaux.cmi
  OCAMLC typing/shape_reduce.cmi
  OCAMLC typing/typedecl_properties.cmi
  OCAMLC typing/typedecl_unboxed.cmi
  OCAMLC lambda/lambda.cmi
  OCAMLC driver/compmisc.cmi
  OCAMLC typing/env.cmo
  OCAMLC typing/ctype.cmo
  OCAMLC typing/out_type.cmo
  OCAMLC typing/mtype.cmo
  OCAMLC typing/shape_reduce.cmo
  OCAMLC typing/typedecl_properties.cmo
  OCAMLC typing/typedecl_unboxed.cmo
  OCAMLC typing/printtyp.cmi
  OCAMLC typing/errortrace_report.cmi
  OCAMLC typing/includeclass.cmi
  OCAMLC typing/includecore.cmi
  OCAMLC typing/tast_iterator.cmi
  OCAMLC typing/tast_mapper.cmi
  OCAMLC typing/stypes.cmi
  OCAMLC file_formats/cmt_format.cmi
  OCAMLC typing/untypeast.cmi
  OCAMLC typing/typetexp.cmi
  OCAMLC typing/printpat.cmi
  OCAMLC typing/patterns.cmi
  OCAMLC typing/parmatch.cmi
  OCAMLC typing/typedecl_variance.cmi
  OCAMLC typing/typedecl_immediacy.cmi
  OCAMLC typing/typedecl_separability.cmi
  OCAMLC typing/typeopt.cmi
  OCAMLC typing/value_rec_check.cmi
  OCAMLC typing/typecore.cmi
  OCAMLC typing/typeclass.cmi
  OCAMLC lambda/printlambda.cmi
  OCAMLC lambda/matching.cmi
  OCAMLC lambda/value_rec_compiler.cmi
  OCAMLC lambda/translobj.cmi
  OCAMLC lambda/translattribute.cmi
  OCAMLC lambda/translprim.cmi
  OCAMLC lambda/translcore.cmi
  OCAMLC lambda/translclass.cmi
  OCAMLC lambda/translmod.cmi
  OCAMLC lambda/tmc.cmi
  OCAMLC lambda/simplif.cmi
  OCAMLC middle_end/internal_variable_names.cmi
  OCAMLC middle_end/clambda_primitives.cmi
  OCAMLC bytecomp/instruct.cmi
  OCAMLC bytecomp/symtable.cmi
  OCAMLC driver/compile_common.cmi
  OCAMLC typing/typedtree.cmo
  OCAMLC typing/printtyp.cmo
  OCAMLC typing/errortrace_report.cmo
  OCAMLC typing/includeclass.cmo
  OCAMLC typing/envaux.cmo
  OCAMLC typing/includecore.cmo
  OCAMLC typing/tast_iterator.cmo
  OCAMLC typing/tast_mapper.cmo
  OCAMLC typing/stypes.cmo
  OCAMLC file_formats/cmt_format.cmo
  OCAMLC typing/untypeast.cmo
  OCAMLC typing/printpat.cmo
  OCAMLC typing/patterns.cmo
  OCAMLC typing/parmatch.cmo
  OCAMLC typing/typedecl_variance.cmo
  OCAMLC typing/typedecl_immediacy.cmo
  OCAMLC typing/typedecl_separability.cmo
  OCAMLC typing/typeopt.cmo
  OCAMLC typing/value_rec_check.cmo
  OCAMLC lambda/lambda.cmo
  OCAMLC lambda/printlambda.cmo
  OCAMLC lambda/matching.cmo
  OCAMLC lambda/value_rec_compiler.cmo
  OCAMLC lambda/translobj.cmo
  OCAMLC lambda/translattribute.cmo
  OCAMLC lambda/translprim.cmo
  OCAMLC lambda/translcore.cmo
  OCAMLC lambda/translclass.cmo
  OCAMLC lambda/translmod.cmo
  OCAMLC lambda/tmc.cmo
  OCAMLC lambda/simplif.cmo
  OCAMLC bytecomp/bytegen.cmi
  OCAMLC bytecomp/printinstr.cmi
  OCAMLC bytecomp/emitcode.cmi
  OCAMLC bytecomp/bytelink.cmi
  OCAMLC driver/compile.cmi
  OCAMLC bytecomp/instruct.cmo
  OCAMLC bytecomp/bytegen.cmo
  OCAMLC bytecomp/printinstr.cmo
  OCAMLC bytecomp/emitcode.cmo
  OCAMLC bytecomp/bytelink.cmo
  OCAMLC bytecomp/bytelibrarian.cmo
  OCAMLC driver/compile.cmo
  OCAMLC driver/maindriver.cmo
  OCAMLC typing/printtyped.cmi
  OCAMLC typing/cmt2annot.cmi
  OCAMLC typing/typing_recovery_state.cmi
  OCAMLC typing/includemod.cmi
  OCAMLC typing/typedecl.cmi
  OCAMLC middle_end/variable.cmi
  OCAMLC middle_end/clambda.cmi
  OCAMLC bytecomp/meta.cmi
  OCAMLC typing/printtyped.cmo
  OCAMLC typing/cmt2annot.cmo
  OCAMLC typing/typing_recovery_state.cmo
  OCAMLC typing/typetexp.cmo
  OCAMLC typing/typecore.cmo
  OCAMLC bytecomp/meta.cmo
  OCAMLC bytecomp/symtable.cmo
  OCAMLC typing/typedecl.cmo
  OCAMLC typing/typeclass.cmo
  OCAMLC typing/signature_matching.cmi
  OCAMLC typing/includemod_errorprinter.cmi
  OCAMLC typing/typemod.cmi
  OCAMLC typing/includemod.cmo
  OCAMLC typing/signature_matching.cmo
  OCAMLC middle_end/flambda/base_types/closure_element.cmi
  OCAMLC middle_end/symbol.cmi
  OCAMLC middle_end/flambda/parameter.cmi
  OCAMLC middle_end/flambda/base_types/mutable_variable.cmi
  OCAMLC typing/includemod_errorprinter.cmo
  OCAMLC typing/typemod.cmo
  OCAMLC driver/compmisc.cmo
  OCAMLC driver/compile_common.cmo
  OCAMLC bytecomp/bytepackager.cmo
  OCAMLC middle_end/flambda/base_types/var_within_closure.cmi
  OCAMLC middle_end/flambda/base_types/closure_id.cmi
  OCAMLC middle_end/flambda/projection.cmi
  OCAMLC middle_end/flambda/base_types/closure_origin.cmi
  LINKC compilerlibs/ocamlbytecomp.cma
  OCAMLC middle_end/flambda/flambda.cmi
  OCAMLC middle_end/flambda/freshening.cmi
  OCAMLC middle_end/flambda/simple_value_approx.cmi
  OCAMLC middle_end/flambda/export_info.cmi
  OCAMLC file_formats/cmx_format.cmi
  LINKC compilerlibs/ocamlcommon.cma
  LINKC ocamlc
make[2]: Leaving directory '~/fp14505/be-base'
make ocamllex ocamltools library
make[2]: Entering directory '~/fp14505/be-base'
  CC yacc/closure.o
  CC yacc/error.o
  CC yacc/lalr.o
  CC yacc/lr0.o
  CC yacc/main.o
  CC yacc/mkpar.o
  CC yacc/output.o
  CC yacc/reader.o
  CC yacc/skeleton.o
  CC yacc/symtab.o
  CC yacc/verbose.o
  CC yacc/warshall.o
make -C stdlib all
make[3]: Entering directory '~/fp14505/be-base/stdlib'
  OCAMLC camlinternalFormatBasics.cmi
  OCAMLC camlinternalFormatBasics.cmo
  OCAMLC stdlib.cmi
  OCAMLC stdlib.cmo
  OCAMLC stdlib__Either.cmi
  OCAMLC stdlib__Sys.cmi
  OCAMLC stdlib__Int32.cmi
  OCAMLC stdlib__Type.cmi
  OCAMLC stdlib__Atomic.cmi
  OCAMLC camlinternalLazy.cmi
  OCAMLC stdlib__Pair.cmi
  OCAMLC stdlib__Bool.cmi
  OCAMLC stdlib__Char.cmi
  OCAMLC stdlib__Uchar.cmi
  OCAMLC stdlib__Int.cmi
  OCAMLC stdlib__Unit.cmi
  OCAMLC stdlib__Marshal.cmi
  OCAMLC stdlib__Int64.cmi
  OCAMLC stdlib__Nativeint.cmi
  OCAMLC stdlib__Lexing.cmi
  OCAMLC stdlib__Repr.cmi
  OCAMLC stdlib__Mutex.cmi
  OCAMLC stdlib__Semaphore.cmi
  OCAMLC stdlib__Arg.cmi
  OCAMLC stdlib__Domain.cmi
  OCAMLC stdlib__Fun.cmi
  OCAMLC stdlib__Complex.cmi
  OCAMLC stdlib__Digest.cmi
  OCAMLC stdlib__Scanf.cmi
  OCAMLC stdlib__Callback.cmi
  OCAMLC stdlib__Pqueue.cmi
  OCAMLC stdlib__Filename.cmi
  OCAMLC std_exit.cmi
  OCAMLC stdlib__Either.cmo
  OCAMLC stdlib__Sys.cmo
  OCAMLC stdlib__Obj.cmi
  OCAMLC stdlib__Atomic.cmo
  OCAMLC stdlib__Lazy.cmi
  OCAMLC stdlib__Seq.cmi
  OCAMLC stdlib__Pair.cmo
  OCAMLC stdlib__Bool.cmo
  OCAMLC stdlib__Char.cmo
  OCAMLC stdlib__Uchar.cmo
  OCAMLC stdlib__Int.cmo
  OCAMLC stdlib__Unit.cmo
  OCAMLC stdlib__Int32.cmo
  OCAMLC stdlib__Int64.cmo
  OCAMLC stdlib__Nativeint.cmo
  OCAMLC stdlib__Parsing.cmi
  OCAMLC stdlib__Repr.cmo
  OCAMLC stdlib__Mutex.cmo
  OCAMLC stdlib__Condition.cmi
  OCAMLC stdlib__Printexc.cmi
  OCAMLC stdlib__Bigarray.cmi
  OCAMLC stdlib__Random.cmi
  OCAMLC stdlib__Hashtbl.cmi
  OCAMLC stdlib__Callback.cmo
  OCAMLC camlinternalOO.cmi
  OCAMLC stdlib__Dynarray.cmi
  OCAMLC camlinternalMod.cmi
  OCAMLC stdlib__ArrayLabels.cmi
  OCAMLC stdlib__ListLabels.cmi
  OCAMLC stdlib__BytesLabels.cmi
  OCAMLC stdlib__StringLabels.cmi
  OCAMLC stdlib__Effect.cmi
  OCAMLC std_exit.cmo
  OCAMLC stdlib__Obj.cmo
  OCAMLC stdlib__Type.cmo
  OCAMLC camlinternalLazy.cmo
  OCAMLC stdlib__Lazy.cmo
  OCAMLC stdlib__Seq.cmo
  OCAMLC stdlib__Option.cmi
  OCAMLC stdlib__Result.cmi
  OCAMLC stdlib__List.cmi
  OCAMLC stdlib__Array.cmi
  OCAMLC stdlib__Iarray.cmi
  MKEXE yacc/ocamlyacc
  OCAMLC stdlib__Bytes.cmi
  OCAMLC stdlib__String.cmi
  OCAMLC stdlib__Float.cmi
  OCAMLC stdlib__Set.cmi
  OCAMLC stdlib__Map.cmi
  OCAMLC stdlib__Stack.cmi
  OCAMLC stdlib__Queue.cmi
  OCAMLC stdlib__Buffer.cmi
  OCAMLC stdlib__Condition.cmo
  OCAMLC stdlib__Semaphore.cmo
  OCAMLC stdlib__Gc.cmi
  OCAMLC stdlib__In_channel.cmi
  OCAMLC stdlib__Out_channel.cmi
  OCAMLC stdlib__Bigarray.cmo
  OCAMLC stdlib__Hashtbl.cmo
  OCAMLC stdlib__Weak.cmi
  OCAMLC stdlib__Oo.cmi
  OCAMLC camlinternalMod.cmo
make lex-all
make[3]: Entering directory '~/fp14505/be-base'
  OCAMLC stdlib__Pqueue.cmo
  OCAMLC stdlib__Ephemeron.cmi
  OCAMLC stdlib__ArrayLabels.cmo
  OCAMLC stdlib__ListLabels.cmo
  OCAMLC stdlib__BytesLabels.cmo
  OCAMLC stdlib__StringLabels.cmo
  OCAMLC stdlib__StdLabels.cmi
  OCAMLC stdlib__Option.cmo
  OCAMLC stdlib__Result.cmo
  OCAMLC stdlib__List.cmo
  OCAMLC stdlib__Array.cmo
  OCAMLC stdlib__Iarray.cmo
  OCAMLC lex/cset.cmi
  OCAMLC stdlib__Bytes.cmo
  OCAMLYACC lex/parser.ml
  OCAMLLEX lex/lexer.ml
  OCAMLC lex/table.cmi
  OCAMLC stdlib__String.cmo
  OCAMLC stdlib__Marshal.cmo
  OCAMLC stdlib__Float.cmo
  OCAMLC stdlib__Lexing.cmo
  OCAMLC lex/main.cmi
  OCAMLC stdlib__Parsing.cmo
  OCAMLC lex/cset.cmo
  OCAMLC stdlib__Set.cmo
  OCAMLC stdlib__Map.cmo
  OCAMLC stdlib__Stack.cmo
  OCAMLC lex/syntax.cmi
  OCAMLC lex/table.cmo
  OCAMLC stdlib__Queue.cmo
  OCAMLC stdlib__Buffer.cmo
  OCAMLC lex/lexgen.cmi
  OCAMLC camlinternalFormat.cmi
  OCAMLC stdlib__Printf.cmi
  OCAMLC stdlib__Domain.cmo
  OCAMLC stdlib__In_channel.cmo
  OCAMLC lex/syntax.cmo
  OCAMLC stdlib__Out_channel.cmo
  OCAMLC lex/parser.cmi
  OCAMLC stdlib__Digest.cmo
  OCAMLC stdlib__Random.cmo
  OCAMLC lex/lexgen.cmo
  OCAMLC stdlib__Weak.cmo
  OCAMLC lex/compact.cmi
  OCAMLC stdlib__Scanf.cmo
  OCAMLC lex/common.cmi
  OCAMLC camlinternalOO.cmo
  OCAMLC stdlib__Oo.cmo
  OCAMLC stdlib__Dynarray.cmo
  OCAMLC stdlib__Format.cmi
  OCAMLC lex/exhaustiveness.cmi
  OCAMLC lex/parser.cmo
  OCAMLC stdlib__Ephemeron.cmo
  OCAMLC stdlib__Filename.cmo
  OCAMLC stdlib__Complex.cmo
  OCAMLC lex/lexer.cmi
  OCAMLC lex/compact.cmo
  OCAMLC stdlib__MoreLabels.cmi
  OCAMLC stdlib__StdLabels.cmo
  OCAMLC lex/common.cmo
  OCAMLC stdlib__Effect.cmo
  OCAMLC camlinternalFormat.cmo
  OCAMLC stdlib__Printf.cmo
  OCAMLC stdlib__Arg.cmo
  OCAMLC stdlib__Printexc.cmo
  OCAMLC stdlib__Fun.cmo
  OCAMLC stdlib__Gc.cmo
  OCAMLC stdlib__Format.cmo
  OCAMLC lex/exhaustiveness.cmo
  OCAMLC lex/output.cmi
  OCAMLC lex/outputbis.cmi
  OCAMLC lex/lexer.cmo
  OCAMLC lex/output.cmo
  OCAMLC lex/outputbis.cmo
  OCAMLC lex/main.cmo
  OCAMLC stdlib__MoreLabels.cmo
  LINKC lex/ocamllex
make[3]: Leaving directory '~/fp14505/be-base'
make tools-all
make[3]: Entering directory '~/fp14505/be-base'
  OCAMLC tools/ocamldep.cmi
  OCAMLC middle_end/printclambda_primitives.cmi
  OCAMLC middle_end/printclambda.cmi
  OCAMLC middle_end/semantics_of_primitives.cmi
  OCAMLC middle_end/convert_primitives.cmi
  OCAMLC middle_end/flambda/base_types/id_types.cmi
  OCAMLC middle_end/flambda/pass_wrapper.cmi
  OCAMLC middle_end/flambda/flambda_iterators.cmi
  OCAMLC middle_end/flambda/flambda_utils.cmi
  OCAMLC middle_end/flambda/effect_analysis.cmi
  OCAMLC middle_end/flambda/inlining_cost.cmi
  OCAMLC middle_end/flambda/export_info_for_pack.cmi
  OCAMLC middle_end/compilenv.cmi
  OCAMLC middle_end/backend_intf.cmi
  OCAMLC middle_end/flambda/import_approx.cmi
  OCAMLC middle_end/flambda/lift_code.cmi
  OCAMLC middle_end/flambda/closure_conversion_aux.cmi
  OCAMLC middle_end/flambda/initialize_symbol_to_let_symbol.cmi
  OCAMLC middle_end/flambda/alias_analysis.cmi
  OCAMLC middle_end/flambda/share_constants.cmi
  OCAMLC middle_end/flambda/remove_unused_closure_vars.cmi
  OCAMLC middle_end/flambda/remove_unused_program_constructs.cmi
  OCAMLC middle_end/flambda/remove_free_vars_equal_to_args.cmi
  OCAMLC middle_end/flambda/ref_to_variables.cmi
  OCAMLC middle_end/flambda/flambda_invariants.cmi
  OCAMLC middle_end/flambda/traverse_for_exported_symbols.cmi
  OCAMLC middle_end/flambda/build_export_info.cmi
  OCAMLC middle_end/flambda/closure_offsets.cmi
  OCAMLC middle_end/flambda/un_anf.cmi
  OCAMLC middle_end/flambda/flambda_to_clambda.cmi
  OCAMLC middle_end/flambda/flambda_middle_end.cmi
  OCAMLC middle_end/internal_variable_names.cmo
  OCAMLC middle_end/linkage_name.cmo
  OCAMLC middle_end/compilation_unit.cmo
  OCAMLC middle_end/variable.cmo
  OCAMLC middle_end/flambda/base_types/closure_element.cmo
  OCAMLC middle_end/flambda/base_types/closure_id.cmo
  OCAMLC middle_end/symbol.cmo
  OCAMLC middle_end/backend_var.cmo
  OCAMLC middle_end/clambda_primitives.cmo
  OCAMLC middle_end/printclambda_primitives.cmo
  OCAMLC middle_end/clambda.cmo
  OCAMLC middle_end/printclambda.cmo
  OCAMLC middle_end/semantics_of_primitives.cmo
  OCAMLC middle_end/convert_primitives.cmo
  OCAMLC middle_end/flambda/base_types/id_types.cmo
  OCAMLC middle_end/flambda/base_types/export_id.cmo
  OCAMLC middle_end/flambda/base_types/tag.cmo
  OCAMLC middle_end/flambda/base_types/mutable_variable.cmo
  OCAMLC middle_end/flambda/base_types/set_of_closures_id.cmo
  OCAMLC middle_end/flambda/base_types/set_of_closures_origin.cmo
  OCAMLC middle_end/flambda/base_types/closure_origin.cmo
  OCAMLC middle_end/flambda/base_types/var_within_closure.cmo
  OCAMLC middle_end/flambda/base_types/static_exception.cmo
  OCAMLC middle_end/flambda/pass_wrapper.cmo
  OCAMLC middle_end/flambda/allocated_const.cmo
  OCAMLC middle_end/flambda/parameter.cmo
  OCAMLC middle_end/flambda/projection.cmo
  OCAMLC middle_end/flambda/flambda.cmo
  OCAMLC middle_end/flambda/flambda_iterators.cmo
  OCAMLC middle_end/flambda/flambda_utils.cmo
  OCAMLC middle_end/flambda/freshening.cmo
  OCAMLC middle_end/flambda/effect_analysis.cmo
  OCAMLC middle_end/flambda/inlining_cost.cmo
  OCAMLC middle_end/flambda/simple_value_approx.cmo
  OCAMLC middle_end/flambda/export_info.cmo
  OCAMLC middle_end/flambda/export_info_for_pack.cmo
  OCAMLC middle_end/compilenv.cmo
  OCAMLC middle_end/flambda/import_approx.cmo
  OCAMLC middle_end/flambda/lift_code.cmo
  OCAMLC middle_end/flambda/closure_conversion_aux.cmo
  OCAMLC middle_end/flambda/initialize_symbol_to_let_symbol.cmo
  OCAMLC middle_end/flambda/alias_analysis.cmo
  OCAMLC middle_end/flambda/share_constants.cmo
  OCAMLC middle_end/flambda/remove_unused_closure_vars.cmo
  OCAMLC middle_end/flambda/remove_unused_program_constructs.cmo
  OCAMLC middle_end/flambda/remove_free_vars_equal_to_args.cmo
  OCAMLC middle_end/flambda/ref_to_variables.cmo
  OCAMLC middle_end/flambda/flambda_invariants.cmo
  OCAMLC middle_end/flambda/traverse_for_exported_symbols.cmo
  OCAMLC middle_end/flambda/closure_offsets.cmo
  OCAMLC middle_end/flambda/un_anf.cmo
  OCAMLC middle_end/flambda/flambda_to_clambda.cmo
  OCAMLC tools/objinfo.cmi
  OCAMLC tools/ocamlcmt.cmi
  OCAMLC tools/ocamlprof.cmi
  OCAMLC tools/ocamlcp_common.cmi
  OCAMLC tools/ocamlcp.cmi
  OCAMLC tools/ocamlmklib.cmi
  OCAMLC tools/ocamlmktop.cmi
  OCAMLC tools/dumpobj.cmi
  OCAMLC tools/primreq.cmi
  OCAMLC tools/stripdebug.cmi
  OCAMLC tools/cmpbyt.cmi
  OCAMLC tools/profiling.cmi
  OCAMLC tools/ocamldep.cmo
  OCAMLC middle_end/closure/closure.cmi
  OCAMLC middle_end/closure/closure_middle_end.cmi
  OCAMLC middle_end/flambda/closure_conversion.cmi
  OCAMLC middle_end/flambda/lift_let_to_initialize_symbol.cmi
  OCAMLC middle_end/flambda/find_recursive_functions.cmi
  OCAMLC middle_end/flambda/invariant_params.cmi
  OCAMLC middle_end/flambda/inconstant_idents.cmi
  OCAMLC middle_end/flambda/lift_constants.cmi
  OCAMLC middle_end/flambda/simplify_common.cmi
  OCAMLC middle_end/flambda/remove_unused_arguments.cmi
  OCAMLC middle_end/flambda/simplify_boxed_integer_ops_intf.cmi
  OCAMLC middle_end/flambda/simplify_primitives.cmi
  OCAMLC middle_end/flambda/inlining_stats_types.cmi
  OCAMLC middle_end/closure/closure.cmo
  OCAMLC middle_end/closure/closure_middle_end.cmo
  OCAMLC middle_end/flambda/closure_conversion.cmo
  OCAMLC middle_end/flambda/lift_let_to_initialize_symbol.cmo
  OCAMLC middle_end/flambda/find_recursive_functions.cmo
  OCAMLC middle_end/flambda/invariant_params.cmo
  OCAMLC middle_end/flambda/inconstant_idents.cmo
  OCAMLC middle_end/flambda/lift_constants.cmo
  OCAMLC middle_end/flambda/simplify_common.cmo
  OCAMLC middle_end/flambda/remove_unused_arguments.cmo
  OCAMLC middle_end/flambda/inlining_stats_types.cmo
  OCAMLC tools/objinfo.cmo
  OCAMLC tools/ocamlcmt.cmo
  OCAMLC tools/ocamlprof.cmo
  OCAMLC tools/ocamlcp_common.cmo
  OCAMLC tools/ocamlcp.cmo
  OCAMLC tools/ocamlmklib.cmo
  OCAMLC tools/ocamlmktop.cmo
  OCAMLC tools/dumpobj.cmo
  OCAMLC tools/primreq.cmo
  OCAMLC tools/stripdebug.cmo
  OCAMLC tools/cmpbyt.cmo
  OCAMLC tools/profiling.cmo
  LINKC tools/ocamldep
  OCAMLC middle_end/flambda/simplify_boxed_integer_ops.cmi
  OCAMLC middle_end/flambda/inlining_stats.cmi
  OCAMLC middle_end/flambda/inline_and_simplify_aux.cmi
  OCAMLC middle_end/flambda/simplify_boxed_integer_ops.cmo
  OCAMLC middle_end/flambda/simplify_primitives.cmo
  LINKC tools/ocamlcp
  LINKC tools/ocamlmktop
  LINKC tools/primreq
  LINKC tools/stripdebug
  LINKC tools/cmpbyt
  OCAMLC middle_end/flambda/inlining_stats.cmo
  LINKC tools/ocamlcmt
  LINKC tools/ocamlprof
  LINKC tools/ocamlmklib
  OCAMLC middle_end/flambda/inlining_decision_intf.cmi
  OCAMLC middle_end/flambda/extract_projections.cmi
  OCAMLC middle_end/flambda/augment_specialised_args.cmi
  OCAMLC middle_end/flambda/unbox_free_vars_of_closures.cmi
  OCAMLC middle_end/flambda/unbox_specialised_args.cmi
  OCAMLC middle_end/flambda/unbox_closures.cmi
  OCAMLC middle_end/flambda/inline_and_simplify.cmi
  OCAMLC middle_end/flambda/inline_and_simplify_aux.cmo
  OCAMLC middle_end/flambda/build_export_info.cmo
  OCAMLC middle_end/flambda/extract_projections.cmo
  OCAMLC middle_end/flambda/unbox_free_vars_of_closures.cmo
  OCAMLC middle_end/flambda/inlining_transforms.cmi
  OCAMLC middle_end/flambda/inlining_decision.cmi
  OCAMLC middle_end/flambda/augment_specialised_args.cmo
  OCAMLC middle_end/flambda/unbox_specialised_args.cmo
  OCAMLC middle_end/flambda/unbox_closures.cmo
  OCAMLC middle_end/flambda/flambda_middle_end.cmo
  OCAMLC middle_end/flambda/inline_and_simplify.cmo
  OCAMLC middle_end/flambda/inlining_transforms.cmo
  OCAMLC middle_end/flambda/inlining_decision.cmo
  LINKC tools/dumpobj
  LINKC stdlib.cma
make[3]: Leaving directory '~/fp14505/be-base/stdlib'
  LINKC compilerlibs/ocamlmiddleend.cma
  LINKC tools/ocamlobjinfo
make[3]: Leaving directory '~/fp14505/be-base'
make[2]: Leaving directory '~/fp14505/be-base'
make ocaml
make[2]: Entering directory '~/fp14505/be-base'
  OCAMLC toplevel/expunge.cmi
  OCAMLC toplevel/genprintval.cmi
  OCAMLC toplevel/trace.cmi
  OCAMLC toplevel/toploop.cmi
  OCAMLC toplevel/topprinters.cmi
  OCAMLC toplevel/topdirs.cmi
  OCAMLC toplevel/topmain.cmi
  OCAMLC toplevel/topstart.cmi
  OCAMLC toplevel/expunge.cmo
cp toplevel/topmain.cmi toplevel/topmain.mli toplevel/byte
  OCAMLC toplevel/topstart.cmo
cp toplevel/trace.cmi toplevel/trace.mli toplevel/byte
  OCAMLC toplevel/topcommon.cmi
  OCAMLC toplevel/genprintval.cmo
  OCAMLC toplevel/topprinters.cmo
  LINKC expunge
  OCAMLC toplevel/topeval.cmi
  OCAMLC toplevel/topcommon.cmo
  OCAMLC toplevel/byte/topmain.cmo
cp toplevel/topeval.cmi toplevel/topeval.mli toplevel/byte
  OCAMLC toplevel/toploop.cmo
  OCAMLC toplevel/topdirs.cmo
  OCAMLC toplevel/byte/topeval.cmo
  OCAMLC toplevel/byte/trace.cmo
  LINKC compilerlibs/ocamltoplevel.cma
  LINKC ocaml.tmp
  GEN ocaml
rm ocaml.tmp
make[2]: Leaving directory '~/fp14505/be-base'
make otherlibraries ocamldebug ocamldoc \
         ocamltest
make[2]: Entering directory '~/fp14505/be-base'
make lex-all
  OCAMLC otherlibs/dynlink/dynlink_config.cmi
  OCAMLC otherlibs/dynlink/dynlink_types.cmi
make[3]: Entering directory '~/fp14505/be-base'
  OCAMLC otherlibs/dynlink/dynlink_cmo_format.cmi
  OCAMLC otherlibs/dynlink/dynlink.cmi
  OCAMLC debugger/int64ops.cmi
  OCAMLC otherlibs/unix/unix.cmi
  OCAMLC debugger/debugger_config.cmi
  OCAMLC debugger/parameters.cmi
  OCAMLLEX debugger/debugger_lexer.ml
  OCAMLYACC debugger/debugger_parser.mli
  OCAMLC debugger/question.cmi
  OCAMLC debugger/exec.cmi
  OCAMLC debugger/source.cmi
  OCAMLC debugger/events.cmi
  OCAMLC debugger/history.cmi
  OCAMLC debugger/show_source.cmi
  OCAMLC debugger/program_management.cmi
  OCAMLC debugger/command_line.cmi
  OCAMLC debugger/main.cmi
  OCAMLC debugger/ocamldebug_entry.cmi
  OCAMLC ocamldoc/odoc_config.cmi
  OCAMLC ocamldoc/odoc_messages.cmi
  OCAMLC ocamldoc/odoc_types.cmi
  OCAMLYACC ocamldoc/odoc_text_parser.mli
  OCAMLC ocamldoc/odoc_name.cmi
  OCAMLC ocamldoc/odoc_print.cmi
make[3]: Nothing to be done for 'lex-all'.
make[3]: Leaving directory '~/fp14505/be-base'
  OCAMLC ocamldoc/odoc_comments_global.cmi
  OCAMLYACC ocamldoc/odoc_parser.mli
  OCAMLC otherlibs/str/str.cmi
  OCAMLLEX ocamldoc/odoc_text_lexer.ml
  OCAMLLEX ocamldoc/odoc_lexer.ml
  OCAMLLEX ocamldoc/odoc_see_lexer.ml
ocamllex warning [missing-case]:
File "ocamldoc/odoc_see_lexer.mll", lines 64-69, characters 10-7: rule "url" is not exhaustive.
Here is an example of nonmatching input:
""
Hint: consider adding '| "" { ... }'
ocamllex warning [missing-case]:
File "ocamldoc/odoc_see_lexer.mll", lines 72-77, characters 10-7: rule "doc" is not exhaustive.
Here is an example of nonmatching input:
""
Hint: consider adding '| "" { ... }'
ocamllex warning [missing-case]:
File "ocamldoc/odoc_see_lexer.mll", lines 79-84, characters 11-7: rule "file" is not exhaustive.
Here is an example of nonmatching input:
""
Hint: consider adding '| "" { ... }'
ocamllex warning [missing-case]:
File "ocamldoc/odoc_lexer.mll", lines 192-259, characters 22-7: rule "special_comment" is not exhaustive.
Here is an example of nonmatching input:
""
Hint: consider adding '| "" { ... }'
ocamllex warning [missing-case]:
File "ocamldoc/odoc_lexer.mll", lines 261-306, characters 28-7: rule "special_comment_part2" is not exhaustive.
Here is an example of nonmatching input:
""
Hint: consider adding '| "" { ... }'
  OCAMLC ocamldoc/odoc_ocamlhtml.cmi
  OCAMLLEX ocamldoc/odoc_ocamlhtml.ml
  OCAMLC ocamldoc/odoc_latex_style.cmi
  OCAMLC ocamldoc/odoc.cmi
  OCAMLC ocamldoc/odoc_test.cmi
mkdir -p .dep/ocamltest
  OCAMLC ocamltest/ocamltest_config.cmi
./config.status ocamltest/ocamltest_unix.ml
  OCAMLC ocamltest/ocamltest_unix.cmi
  OCAMLC ocamltest/ocamltest_stdlib.cmi
  OCAMLC ocamltest/run_command.cmi
  OCAMLC ocamltest/filecompare.cmi
  OCAMLC ocamltest/variables.cmi
  OCAMLC ocamltest/test_result.cmi
  OCAMLC ocamltest/tsl_ast.cmi
  OCAMLYACC ocamltest/tsl_parser.ml
  OCAMLLEX ocamltest/tsl_lexer.ml
  OCAMLC ocamltest/ocaml_backends.cmi
ocamllex warning [missing-case]:
File "ocamltest/tsl_lexer.mll", lines 114-126, characters 17-9: rule "string" is not exhaustive.
Here is an example of nonmatching input:
""
Hint: consider adding '| "" { ... }'
ocamllex warning [missing-case]:
File "ocamltest/tsl_lexer.mll", lines 160-168, characters 15-55: rule "modifier" is not exhaustive.
Here is an example of nonmatching input:
""
Hint: consider adding '| "" { ... }'
  OCAMLC ocamltest/ocaml_directories.cmi
  OCAMLC ocamltest/ocaml_files.cmi
  OCAMLC ocamltest/ocaml_commands.cmi
  OCAMLC ocamltest/debugger_flags.cmi
  OCAMLC ocamltest/debugger_variables.cmi
  OCAMLC ocamltest/options.cmi
  OCAMLC ocamltest/main.cmi
  OCAMLC testsuite/lib/lib.cmi
  OCAMLC testsuite/lib/testing.cmi
  OCAMLC testsuite/tools/expect.cmi
make tools-all
  OCAMLC otherlibs/dynlink/dynlink_platform_intf.cmi
  OCAMLC otherlibs/dynlink/byte/dynlink_symtable.cmi
make[3]: Entering directory '~/fp14505/be-base'
cp otherlibs/dynlink/dynlink.cmi otherlibs/dynlink/dynlink.mli otherlibs/dynlink/byte/
  OCAMLC otherlibs/dynlink/dynlink_config.cmo
  OCAMLC otherlibs/dynlink/dynlink_types.cmo
  OCAMLC debugger/int64ops.cmo
  OCAMLC debugger/primitives.cmi
  OCAMLC debugger/unix_tools.cmi
  OCAMLC debugger/debugger_config.cmo
  OCAMLC debugger/parameters.cmo
  OCAMLC debugger/exec.cmo
  OCAMLC debugger/pos.cmi
  OCAMLC debugger/events.cmo
  OCAMLC debugger/frames.cmi
  OCAMLC debugger/show_information.cmi
  OCAMLC debugger/loadprinter.cmi
  OCAMLC ocamldoc/odoc_global.cmi
  OCAMLC ocamldoc/odoc_misc.cmi
  OCAMLC ocamldoc/odoc_text_parser.cmi
  OCAMLC ocamldoc/odoc_text.cmi
  OCAMLC ocamldoc/odoc_parameter.cmi
  OCAMLC ocamldoc/odoc_type.cmi
  OCAMLC ocamldoc/odoc_parser.cmi
  OCAMLC ocamldoc/odoc_env.cmi
  OCAMLC ocamldoc/odoc_config.cmo
  OCAMLC ocamldoc/odoc_messages.cmo
  OCAMLC ocamldoc/odoc_types.cmo
  OCAMLC ocamldoc/odoc_print.cmo
  OCAMLC ocamldoc/odoc_comments_global.cmo
  OCAMLC ocamldoc/odoc_ocamlhtml.cmo
  OCAMLC ocamldoc/odoc_latex_style.cmo
config.status: linking ocamltest/ocamltest_unix_real.ml to ocamltest/ocamltest_unix.ml
  CC ocamltest/run_unix.b.o
  CC ocamltest/run_stubs.b.o
  OCAMLC ocamltest/ocamltest_config.cmo
  OCAMLC ocamltest/ocamltest_unix.cmo
  OCAMLC ocamltest/ocamltest_stdlib.cmo
  OCAMLC ocamltest/run_command.cmo
  OCAMLC ocamltest/filecompare.cmo
make[3]: Nothing to be done for 'tools-all'.
make[3]: Leaving directory '~/fp14505/be-base'
  OCAMLC ocamltest/variables.cmo
  OCAMLC ocamltest/environments.cmi
  OCAMLC ocamltest/test_result.cmo
  OCAMLC ocamltest/strace.cmi
  OCAMLC ocamltest/tsl_ast.cmo
  OCAMLC ocamltest/tsl_printer.cmi
  OCAMLC ocamltest/tsl_parser.cmi
  OCAMLC ocamltest/builtin_variables.cmi
  OCAMLC ocamltest/ocaml_backends.cmo
  OCAMLC ocamltest/ocaml_filetypes.cmi
  OCAMLC ocamltest/ocaml_variables.cmi
  OCAMLC ocamltest/ocaml_modifiers.cmi
  OCAMLC ocamltest/ocaml_directories.cmo
  OCAMLC ocamltest/ocaml_files.cmo
  OCAMLC ocamltest/ocaml_flags.cmi
  OCAMLC ocamltest/ocaml_commands.cmo
  OCAMLC ocamltest/ocaml_tools.cmi
  OCAMLC ocamltest/debugger_flags.cmo
  OCAMLC ocamltest/debugger_variables.cmo
  OCAMLC testsuite/lib/lib.cmo
  OCAMLC testsuite/lib/testing.cmo
  OCAMLC testsuite/tools/expect.cmo
  OCAMLC otherlibs/dynlink/dynlink_common.cmi
  OCAMLC otherlibs/dynlink/dynlink_platform_intf.cmo
  OCAMLC otherlibs/dynlink/byte/dynlink_symtable.cmo
  OCAMLC debugger/primitives.cmo
  OCAMLC debugger/unix_tools.cmo
  OCAMLC debugger/debugcom.cmi
  OCAMLC debugger/input_handling.cmi
  OCAMLC debugger/source.cmo
  OCAMLC debugger/pos.cmo
  OCAMLC debugger/program_loading.cmi
  OCAMLC debugger/show_source.cmo
  OCAMLC debugger/time_travel.cmi
  OCAMLC debugger/loadprinter.cmo
  OCAMLC ocamldoc/odoc_text_lexer.cmi
  OCAMLC ocamldoc/odoc_value.cmi
  OCAMLC ocamldoc/odoc_extension.cmi
  OCAMLC ocamldoc/odoc_exception.cmi
  OCAMLC ocamldoc/odoc_lexer.cmi
  OCAMLC ocamldoc/odoc_see_lexer.cmi
  OCAMLC ocamldoc/odoc_global.cmo
  OCAMLC ocamldoc/odoc_misc.cmo
  OCAMLC ocamldoc/odoc_text_parser.cmo
  OCAMLC ocamldoc/odoc_text_lexer.cmo
  OCAMLC ocamldoc/odoc_text.cmo
  OCAMLC ocamldoc/odoc_name.cmo
  OCAMLC ocamldoc/odoc_parameter.cmo
  OCAMLC ocamldoc/odoc_value.cmo
  OCAMLC ocamldoc/odoc_type.cmo
  OCAMLC ocamldoc/odoc_parser.cmo
  OCAMLC ocamldoc/odoc_lexer.cmo
  OCAMLC ocamldoc/odoc_see_lexer.cmo
  OCAMLC ocamldoc/odoc_env.cmo
  OCAMLC ocamltest/environments.cmo
  OCAMLC ocamltest/actions.cmi
  OCAMLC ocamltest/strace.cmo
  OCAMLC ocamltest/tsl_printer.cmo
  OCAMLC ocamltest/tsl_parser.cmo
  OCAMLC ocamltest/tsl_lexer.cmi
  OCAMLC ocamltest/modifier_parser.cmi
  OCAMLC ocamltest/builtin_variables.cmo
  OCAMLC ocamltest/actions_helpers.cmi
  OCAMLC ocamltest/builtin_actions.cmi
  OCAMLC ocamltest/ocaml_filetypes.cmo
  OCAMLC ocamltest/ocaml_variables.cmo
  OCAMLC ocamltest/ocaml_modifiers.cmo
  OCAMLC ocamltest/ocaml_flags.cmo
  OCAMLC ocamltest/ocaml_tools.cmo
  OCAMLC ocamltest/ocaml_compilers.cmi
  OCAMLC ocamltest/ocaml_actions.cmi
  OCAMLC ocamltest/debugger_actions.cmi
  LINKC testsuite/lib/testing.cma
  OCAMLC otherlibs/dynlink/dynlink_common.cmo
  OCAMLC otherlibs/dynlink/byte/dynlink.cmo
  OCAMLC debugger/parser_aux.cmi
  OCAMLC debugger/input_handling.cmo
  OCAMLC debugger/debugcom.cmo
  OCAMLC debugger/checkpoints.cmi
  OCAMLC debugger/program_loading.cmo
  OCAMLC debugger/symbols.cmi
  OCAMLC debugger/breakpoints.cmi
  OCAMLC debugger/trap_barrier.cmi
  OCAMLC ocamldoc/odoc_class.cmi
  OCAMLC ocamldoc/odoc_extension.cmo
  OCAMLC ocamldoc/odoc_exception.cmo
  OCAMLC ocamltest/actions.cmo
  OCAMLC ocamltest/tests.cmi
  OCAMLC ocamltest/tsl_lexer.cmo
  OCAMLC ocamltest/modifier_parser.cmo
  OCAMLC ocamltest/actions_helpers.cmo
  OCAMLC ocamltest/builtin_actions.cmo
  OCAMLC ocamltest/ocaml_compilers.cmo
  OCAMLC ocamltest/ocaml_toplevels.cmi
  OCAMLC ocamltest/debugger_actions.cmo
  OCAMLC debugger/debugger_parser.cmi
  OCAMLC debugger/checkpoints.cmo
  OCAMLC debugger/symbols.cmo
  OCAMLC debugger/breakpoints.cmo
  OCAMLC debugger/trap_barrier.cmo
  OCAMLC debugger/history.cmo
  OCAMLC debugger/printval.cmi
  OCAMLC debugger/time_travel.cmo
  OCAMLC debugger/program_management.cmo
  OCAMLC debugger/frames.cmo
  OCAMLC debugger/eval.cmi
  OCAMLC debugger/debugger_parser.cmo
  OCAMLC debugger/main.cmo
  OCAMLC ocamldoc/odoc_module.cmi
  OCAMLC ocamldoc/odoc_str.cmi
  OCAMLC ocamldoc/odoc_class.cmo
  OCAMLC ocamltest/tests.cmo
  OCAMLC ocamltest/tsl_semantics.cmi
  OCAMLC ocamltest/tsl_query.cmi
  OCAMLC ocamltest/ocaml_toplevels.cmo
  OCAMLC ocamltest/ocaml_actions.cmo
  OCAMLC ocamltest/ocaml_tests.cmi
  OCAMLC ocamltest/options.cmo
  LINKC testsuite/tools/expect
  LINKC otherlibs/dynlink/dynlink.cma
  OCAMLC debugger/debugger_lexer.cmi
  OCAMLC debugger/printval.cmo
  OCAMLC debugger/eval.cmo
  OCAMLC debugger/show_information.cmo
  OCAMLC ocamldoc/odoc_merge.cmi
  OCAMLC ocamldoc/odoc_sig.cmi
  OCAMLC ocamldoc/odoc_search.cmi
  OCAMLC ocamldoc/odoc_scan.cmi
  OCAMLC ocamldoc/odoc_cross.cmi
  OCAMLC ocamldoc/odoc_comments.cmi
  OCAMLC ocamldoc/odoc_dep.cmi
  OCAMLC ocamldoc/odoc_analyse.cmi
  OCAMLC ocamldoc/odoc_module.cmo
  OCAMLC ocamldoc/odoc_str.cmo
  OCAMLC ocamldoc/odoc_merge.cmo
  OCAMLC ocamldoc/odoc_scan.cmo
  OCAMLC ocamltest/tsl_semantics.cmo
  OCAMLC ocamltest/tsl_query.cmo
  OCAMLC ocamltest/ocaml_tests.cmo
  OCAMLC ocamltest/main.cmo
make -C otherlibs all
  OCAMLC debugger/debugger_lexer.cmo
make[3]: Entering directory '~/fp14505/be-base/otherlibs'
  OCAMLC debugger/question.cmo
for lib in runtime_events unix str systhreads; do (make -C $lib all) || exit $?; done
make[4]: Entering directory '~/fp14505/be-base/otherlibs/runtime_events'
mkdir -p .dep
  OCAMLC runtime_events.cmi
  CC runtime_events_consumer.b.o
  OCAMLC debugger/command_line.cmo
  OCAMLC ocamldoc/odoc_ast.cmi
  OCAMLC ocamldoc/odoc_info.cmi
  CC runtime_events_consumer.n.o
  OCAMLC runtime_events.cmo
  OCAMLC ocamldoc/odoc_sig.cmo
  OCAMLC ocamldoc/odoc_search.cmo
  OCAMLC ocamldoc/odoc_cross.cmo
  OCAMLC ocamldoc/odoc_comments.cmo
  OCAMLC ocamldoc/odoc_dep.cmo
  OCAMLC ocamldoc/odoc_ast.cmo
  OCAMLC ocamldoc/odoc_analyse.cmo
  OCAMLC ocamldoc/odoc_info.cmo
  OCAMLC ocamldoc/odoc_dag2html.cmi
  OCAMLC ocamldoc/odoc_to_text.cmi
  OCAMLC ocamldoc/odoc_man.cmi
  OCAMLC ocamldoc/odoc_latex.cmi
  OCAMLC ocamldoc/odoc_texi.cmi
  OCAMLMKLIB runtime_events.cma
  OCAMLC ocamldoc/odoc_dot.cmi
  OCAMLC ocamldoc/odoc_dag2html.cmo
  OCAMLC ocamldoc/odoc_html.cmi
  OCAMLC ocamldoc/odoc_to_text.cmo
  OCAMLC ocamldoc/odoc_dot.cmo
  OCAMLC ocamldoc/odoc_man.cmo
  OCAMLC ocamldoc/odoc_texi.cmo
  OCAMLMKLIB libcamlruntime_eventsbyt.a
  OCAMLC ocamldoc/odoc_latex.cmo
make[4]: Leaving directory '~/fp14505/be-base/otherlibs/runtime_events'
make[4]: Entering directory '~/fp14505/be-base/otherlibs/unix'
mkdir -p .dep
  OCAMLC unix.cmo
  OCAMLC unixLabels.cmi
  CC access.b.o
  CC addrofstr.b.o
  CC chdir.b.o
  CC chmod.b.o
  CC cst2constr.b.o
  OCAMLC debugger/ocamldebug.cmo
  CC cstringv.b.o
  CC execv.b.o
  CC execve.b.o
  OCAMLC ocamldoc/odoc_html.cmo
  CC execvp.b.o
  CC fsync.b.o
  OCAMLC ocamldoc/odoc_gen.cmi
  CC mkdir.b.o
  OCAMLC debugger/ocamldebug_entry.cmo
  CC exit.b.o
  CC getaddrinfo.b.o
  CC getcwd.b.o
  CC gethost.b.o
  CC gethostname.b.o
  CC getnameinfo.b.o
  OCAMLC ocamldoc/odoc_gen.cmo
  CC getproto.b.o
  CC getserv.b.o
  CC gmtime.b.o
  CC mmap_ba.b.o
  OCAMLC ocamldoc/odoc_args.cmi
  CC putenv.b.o
  CC rename.b.o
  CC rmdir.b.o
  CC socketaddr.b.o
  CC strofaddr.b.o
  CC time.b.o
  OCAMLC ocamldoc/odoc_args.cmo
  CC unlink.b.o
  OCAMLC ocamldoc/odoc.cmo
  OCAMLC ocamldoc/odoc_test.cmo
  CC accept_unix.b.o
  CC bind_unix.b.o
  CC channels_unix.b.o
  CC close_unix.b.o
  CC connect_unix.b.o
  CC dup_unix.b.o
  CC envir_unix.b.o
  CC errmsg_unix.b.o
  LINKC ocamldoc/odoc_info.cma
  CC getpeername_unix.b.o
  CC getpid_unix.b.o
  CC getsockname_unix.b.o
  CC gettimeofday_unix.b.o
  CC isatty_unix.b.o
  CC link_unix.b.o
  CC listen_unix.b.o
  CC lockf_unix.b.o
  CC lseek_unix.b.o
  CC mmap_unix.b.o
  CC open_unix.b.o
  CC pipe_unix.b.o
  CC read_unix.b.o
  CC readlink_unix.b.o
  CC realpath_unix.b.o
  CC select_unix.b.o
  CC sendrecv_unix.b.o
  CC shutdown_unix.b.o
  CC sleep_unix.b.o
  CC socket_unix.b.o
  CC socketpair_unix.b.o
  CC sockopt_unix.b.o
  CC stat_unix.b.o
  CC symlink_unix.b.o
  CC times_unix.b.o
  CC truncate_unix.b.o
  CC unixsupport_unix.b.o
  CC utimes_unix.b.o
  CC write_unix.b.o
  CC alarm.b.o
  CC chown.b.o
  CC chroot.b.o
  CC closedir.b.o
  CC dup2.b.o
  CC fchmod.b.o
  CC fchown.b.o
  CC fcntl.b.o
  CC fork.b.o
  CC ftruncate.b.o
  CC getegid.b.o
  CC geteuid.b.o
  CC getgid.b.o
  CC getgr.b.o
  CC getgroups.b.o
  CC getlogin.b.o
  CC getppid.b.o
  CC getpw.b.o
  CC getuid.b.o
  CC initgroups.b.o
  CC itimer.b.o
  CC kill.b.o
  CC mkfifo.b.o
  CC nice.b.o
  CC opendir.b.o
  CC readdir.b.o
  CC rewinddir.b.o
  CC setgid.b.o
  CC setgroups.b.o
  CC setsid.b.o
  CC setuid.b.o
  CC signals.b.o
  CC spawn.b.o
  CC termios.b.o
  CC umask.b.o
  CC wait.b.o
  CC access.n.o
  CC addrofstr.n.o
  CC chdir.n.o
  CC chmod.n.o
  CC cst2constr.n.o
  CC cstringv.n.o
  CC execv.n.o
  CC execve.n.o
  CC execvp.n.o
  CC fsync.n.o
  CC mkdir.n.o
  CC exit.n.o
  CC getaddrinfo.n.o
  CC getcwd.n.o
  CC gethost.n.o
  CC gethostname.n.o
  CC getnameinfo.n.o
  CC getproto.n.o
  CC getserv.n.o
  CC gmtime.n.o
  CC mmap_ba.n.o
  CC putenv.n.o
  CC rename.n.o
  CC rmdir.n.o
  CC socketaddr.n.o
  CC strofaddr.n.o
  CC time.n.o
  CC unlink.n.o
  CC accept_unix.n.o
  CC bind_unix.n.o
  CC channels_unix.n.o
  CC close_unix.n.o
  CC connect_unix.n.o
  CC dup_unix.n.o
  CC envir_unix.n.o
  CC errmsg_unix.n.o
  CC getpeername_unix.n.o
  CC getpid_unix.n.o
  CC getsockname_unix.n.o
  CC gettimeofday_unix.n.o
  CC isatty_unix.n.o
  CC link_unix.n.o
  CC listen_unix.n.o
  CC lockf_unix.n.o
  CC lseek_unix.n.o
  CC mmap_unix.n.o
  CC open_unix.n.o
  CC pipe_unix.n.o
  CC read_unix.n.o
  CC readlink_unix.n.o
  CC realpath_unix.n.o
  CC select_unix.n.o
  CC sendrecv_unix.n.o
  CC shutdown_unix.n.o
  CC sleep_unix.n.o
  CC socket_unix.n.o
  CC socketpair_unix.n.o
  CC sockopt_unix.n.o
  CC stat_unix.n.o
  CC symlink_unix.n.o
  CC times_unix.n.o
  CC truncate_unix.n.o
  CC unixsupport_unix.n.o
  CC utimes_unix.n.o
  CC write_unix.n.o
  CC alarm.n.o
  CC chown.n.o
  CC chroot.n.o
  CC closedir.n.o
  CC dup2.n.o
  CC fchmod.n.o
  CC fchown.n.o
  CC fcntl.n.o
  CC fork.n.o
  CC ftruncate.n.o
  CC getegid.n.o
  CC geteuid.n.o
  CC getgid.n.o
  CC getgr.n.o
  CC getgroups.n.o
  CC getlogin.n.o
  CC getppid.n.o
  CC getpw.n.o
  CC getuid.n.o
  CC initgroups.n.o
  CC itimer.n.o
  CC kill.n.o
  CC mkfifo.n.o
  CC nice.n.o
  CC opendir.n.o
  CC readdir.n.o
  CC rewinddir.n.o
  CC setgid.n.o
  CC setgroups.n.o
  CC setsid.n.o
  CC setuid.n.o
  CC signals.n.o
  CC spawn.n.o
  CC termios.n.o
  CC umask.n.o
  CC wait.n.o
  OCAMLC unixLabels.cmo
  OCAMLMKLIB unix.cma
  OCAMLMKLIB libunixbyt.a
make[4]: Leaving directory '~/fp14505/be-base/otherlibs/unix'
make[4]: Entering directory '~/fp14505/be-base/otherlibs/str'
mkdir -p .dep
  OCAMLC str.cmo
  CC strstubs.b.o
  CC strstubs.n.o
  OCAMLMKLIB libcamlstrbyt.a
  OCAMLMKLIB str.cma
make[4]: Leaving directory '~/fp14505/be-base/otherlibs/str'
make[4]: Entering directory '~/fp14505/be-base/otherlibs/systhreads'
mkdir -p .dep
  OCAMLC thread.cmi
  OCAMLC event.cmi
  CC st_stubs.b.o
  OCAMLC event.cmo
  OCAMLC thread.cmo
  OCAMLMKLIB threads.cma
  OCAMLMKLIB libthreads.a
make[4]: Leaving directory '~/fp14505/be-base/otherlibs/systhreads'
make[3]: Leaving directory '~/fp14505/be-base/otherlibs'
  LINKC debugger/ocamldebug
  LINKC ocamltest/ocamltest
  LINKC ocamldoc/ocamldoc
rm ocamldoc/odoc_lexer.ml ocamldoc/odoc_text_parser.mli ocamldoc/odoc_parser.mli ocamldoc/odoc_ocamlhtml.ml ocamldoc/odoc_text_parser.ml ocamldoc/odoc_parser.ml ocamldoc/odoc_text_lexer.ml ocamldoc/odoc_see_lexer.ml
make[2]: Leaving directory '~/fp14505/be-base'
make othertools
make[2]: Entering directory '~/fp14505/be-base'
make lex-all
make[3]: Entering directory '~/fp14505/be-base'
  OCAMLC tools/ocamltex.cmi
  OCAMLC tools/ocamltex.cmo
make[3]: Nothing to be done for 'lex-all'.
make[3]: Leaving directory '~/fp14505/be-base'
make tools-all
make[3]: Entering directory '~/fp14505/be-base'
make[3]: Nothing to be done for 'tools-all'.
make[3]: Leaving directory '~/fp14505/be-base'
make -C otherlibs all
make[3]: Entering directory '~/fp14505/be-base/otherlibs'
for lib in runtime_events unix str systhreads; do (make -C $lib all) || exit $?; done
make[4]: Entering directory '~/fp14505/be-base/otherlibs/runtime_events'
make[4]: Nothing to be done for 'all'.
make[4]: Leaving directory '~/fp14505/be-base/otherlibs/runtime_events'
make[4]: Entering directory '~/fp14505/be-base/otherlibs/unix'
make[4]: Nothing to be done for 'all'.
make[4]: Leaving directory '~/fp14505/be-base/otherlibs/unix'
make[4]: Entering directory '~/fp14505/be-base/otherlibs/str'
make[4]: Nothing to be done for 'all'.
make[4]: Leaving directory '~/fp14505/be-base/otherlibs/str'
make[4]: Entering directory '~/fp14505/be-base/otherlibs/systhreads'
make[4]: Nothing to be done for 'all'.
make[4]: Leaving directory '~/fp14505/be-base/otherlibs/systhreads'
make[3]: Leaving directory '~/fp14505/be-base/otherlibs'
  LINKC tools/ocamltex
make[2]: Leaving directory '~/fp14505/be-base'
make manpages
make[2]: Entering directory '~/fp14505/be-base'
make -C api_docgen man
make[3]: Entering directory '~/fp14505/be-base/api_docgen'
make -C ocamldoc man
make[4]: Entering directory '~/fp14505/be-base/api_docgen/ocamldoc'
mkdir -p build/
mkdir -p build/libref
mkdir -p build/compilerlibref
mkdir -p build/man
  GEN build/Format_tutorial.mld
  GEN build/Ocaml_operators.mld
  OCAMLDOC build/libref/arg.odoc
  OCAMLDOC build/libref/array.odoc
  OCAMLDOC build/libref/arrayLabels.odoc
  OCAMLDOC build/libref/atomic.odoc
  OCAMLDOC build/libref/bigarray.odoc
  OCAMLDOC build/libref/bool.odoc
  OCAMLDOC build/libref/buffer.odoc
  OCAMLDOC build/libref/bytes.odoc
  OCAMLDOC build/libref/bytesLabels.odoc
  OCAMLDOC build/libref/callback.odoc
  OCAMLDOC build/libref/char.odoc
  OCAMLDOC build/libref/complex.odoc
  OCAMLDOC build/libref/condition.odoc
  OCAMLDOC build/libref/digest.odoc
  OCAMLDOC build/libref/domain.odoc
  OCAMLDOC build/libref/dynarray.odoc
  OCAMLDOC build/libref/dynlink.odoc
  OCAMLDOC build/libref/effect.odoc
  OCAMLDOC build/libref/either.odoc
  OCAMLDOC build/libref/ephemeron.odoc
  OCAMLDOC build/libref/event.odoc
  OCAMLDOC build/libref/filename.odoc
  OCAMLDOC build/libref/float.odoc
  OCAMLDOC build/libref/format.odoc
  OCAMLDOC build/libref/fun.odoc
  OCAMLDOC build/libref/gc.odoc
  OCAMLDOC build/libref/hashtbl.odoc
  OCAMLDOC build/libref/iarray.odoc
  OCAMLDOC build/libref/in_channel.odoc
  OCAMLDOC build/libref/int.odoc
  OCAMLDOC build/libref/int32.odoc
  OCAMLDOC build/libref/int64.odoc
  OCAMLDOC build/libref/lazy.odoc
  OCAMLDOC build/libref/lexing.odoc
  OCAMLDOC build/libref/list.odoc
  OCAMLDOC build/libref/listLabels.odoc
  OCAMLDOC build/libref/map.odoc
  OCAMLDOC build/libref/marshal.odoc
  OCAMLDOC build/libref/moreLabels.odoc
  OCAMLDOC build/libref/mutex.odoc
  OCAMLDOC build/libref/nativeint.odoc
  OCAMLDOC build/libref/obj.odoc
  OCAMLDOC build/libref/oo.odoc
  OCAMLDOC build/libref/option.odoc
  OCAMLDOC build/libref/out_channel.odoc
  OCAMLDOC build/libref/pair.odoc
  OCAMLDOC build/libref/parsing.odoc
  OCAMLDOC build/libref/pqueue.odoc
  OCAMLDOC build/libref/printexc.odoc
  OCAMLDOC build/libref/printf.odoc
  OCAMLDOC build/libref/queue.odoc
  OCAMLDOC build/libref/random.odoc
  OCAMLDOC build/libref/repr.odoc
  OCAMLDOC build/libref/result.odoc
  OCAMLDOC build/libref/runtime_events.odoc
  OCAMLDOC build/libref/scanf.odoc
  OCAMLDOC build/libref/semaphore.odoc
  OCAMLDOC build/libref/seq.odoc
  OCAMLDOC build/libref/set.odoc
  OCAMLDOC build/libref/stack.odoc
  OCAMLDOC build/libref/stdLabels.odoc
  OCAMLDOC build/libref/stdlib.odoc
  OCAMLDOC build/libref/str.odoc
  OCAMLDOC build/libref/string.odoc
  OCAMLDOC build/libref/stringLabels.odoc
  OCAMLDOC build/libref/sys.odoc
  OCAMLDOC build/libref/thread.odoc
  OCAMLDOC build/libref/type.odoc
  OCAMLDOC build/libref/uchar.odoc
  OCAMLDOC build/libref/unit.odoc
  OCAMLDOC build/libref/unix.odoc
  OCAMLDOC build/libref/unixLabels.odoc
  OCAMLDOC build/libref/weak.odoc
  OCAMLDOC build/libref/camlinternalFormat.odoc
  OCAMLDOC build/libref/camlinternalFormatBasics.odoc
  OCAMLDOC build/libref/camlinternalLazy.odoc
  OCAMLDOC build/libref/camlinternalMod.odoc
  OCAMLDOC build/libref/camlinternalOO.odoc
  GEN build/Compiler_libs.mld
  OCAMLDOC build/compilerlibref/ast_helper.odoc
  OCAMLDOC build/compilerlibref/ast_invariants.odoc
  OCAMLDOC build/compilerlibref/ast_iterator.odoc
  OCAMLDOC build/compilerlibref/ast_mapper.odoc
  OCAMLDOC build/compilerlibref/asttypes.odoc
  OCAMLDOC build/compilerlibref/attr_helper.odoc
  OCAMLDOC build/compilerlibref/builtin_attributes.odoc
  OCAMLDOC build/compilerlibref/camlinternalMenhirLib.odoc
  OCAMLDOC build/compilerlibref/depend.odoc
  OCAMLDOC build/compilerlibref/docstrings.odoc
  OCAMLDOC build/compilerlibref/lexer.odoc
  OCAMLDOC build/compilerlibref/location.odoc
  OCAMLDOC build/compilerlibref/longident.odoc
  OCAMLDOC build/compilerlibref/parse.odoc
  OCAMLDOC build/compilerlibref/parser.odoc
  OCAMLDOC build/compilerlibref/parsetree.odoc
  OCAMLDOC build/compilerlibref/pprintast.odoc
  OCAMLDOC build/compilerlibref/printast.odoc
  OCAMLDOC build/compilerlibref/syntaxerr.odoc
  OCAMLDOC build/compilerlibref/unit_info.odoc
  OCAMLDOC build/compilerlibref/arg_helper.odoc
  OCAMLDOC build/compilerlibref/binutils.odoc
  OCAMLDOC build/compilerlibref/build_path_prefix_map.odoc
  OCAMLDOC build/compilerlibref/ccomp.odoc
  OCAMLDOC build/compilerlibref/clflags.odoc
  OCAMLDOC build/compilerlibref/compression.odoc
  OCAMLDOC build/compilerlibref/config.odoc
  OCAMLDOC build/compilerlibref/config_boot.odoc
  OCAMLDOC build/compilerlibref/config_main.odoc
  OCAMLDOC build/compilerlibref/consistbl.odoc
  OCAMLDOC build/compilerlibref/diffing.odoc
  OCAMLDOC build/compilerlibref/diffing_with_keys.odoc
  OCAMLDOC build/compilerlibref/domainstate.odoc
  OCAMLDOC build/compilerlibref/format_doc.odoc
  OCAMLDOC build/compilerlibref/identifiable.odoc
  OCAMLDOC build/compilerlibref/int_replace_polymorphic_compare.odoc
  OCAMLDOC build/compilerlibref/lazy_backtrack.odoc
  OCAMLDOC build/compilerlibref/linkdeps.odoc
  OCAMLDOC build/compilerlibref/load_path.odoc
  OCAMLDOC build/compilerlibref/local_store.odoc
  OCAMLDOC build/compilerlibref/misc.odoc
  OCAMLDOC build/compilerlibref/numbers.odoc
  OCAMLDOC build/compilerlibref/profile.odoc
  OCAMLDOC build/compilerlibref/stable_matching.odoc
  OCAMLDOC build/compilerlibref/strongly_connected_components.odoc
  OCAMLDOC build/compilerlibref/targetint.odoc
  OCAMLDOC build/compilerlibref/terminfo.odoc
  OCAMLDOC build/compilerlibref/warnings.odoc
  OCAMLDOC build/compilerlibref/pparse.odoc
  OCAMLDOC build/libref/Format_tutorial.odoc
  OCAMLDOC build/libref/Ocaml_operators.odoc
  OCAMLDOC build/compilerlibref/Compiler_libs.odoc
  OCAMLDOC build/man/Stdlib.3o
make[4]: Leaving directory '~/fp14505/be-base/api_docgen/ocamldoc'
make[3]: Leaving directory '~/fp14505/be-base/api_docgen'
make[2]: Leaving directory '~/fp14505/be-base'
rm runtime/api-testing/m.c runtime/api-testing/blake2.cpp.o runtime/api-testing/exec.c.o runtime/api-testing/reverse.cpp runtime/api-testing/finalise.c.o runtime/api-testing/memprof.cpp.o runtime/api-testing/sizeclasses.cpp runtime/api-testing/address_class.c.o runtime/api-testing/stack.c.o runtime/api-testing/unixsupport.cpp.o runtime/api-testing/prims.c runtime/api-testing/stack.c runtime/api-testing/tsan.c.o runtime/api-testing/globroots.cpp.o runtime/api-testing/osdeps.cpp.o runtime/api-testing/weak.c runtime/api-testing/stack.cpp.o runtime/api-testing/runtime_events_consumer.cpp.o runtime/api-testing/runtime_events.cpp runtime/api-testing/lf_skiplist.cpp runtime/api-testing/backtrace_prim.c runtime/api-testing/mlvalues.cpp runtime/api-testing/md5.cpp runtime/api-testing/reverse.cpp.o runtime/api-testing/backtrace.cpp runtime/api-testing/prims.cpp.o runtime/api-testing/frame_descriptors.cpp runtime/api-testing/m.cpp runtime/api-testing/startup_aux.cpp.o runtime/api-testing/tsan.cpp.o runtime/api-testing/bigarray.c.o runtime/api-testing/roots.cpp runtime/api-testing/blake2.c runtime/api-testing/opcodes.cpp runtime/api-testing/platform.cpp runtime/api-testing/threads.c.o runtime/api-testing/debugger.cpp.o runtime/api-testing/roots.cpp.o runtime/api-testing/mlvalues.c.o runtime/api-testing/gc.cpp.o runtime/api-testing/md5.c runtime/api-testing/sync.c runtime/api-testing/threads.cpp.o runtime/api-testing/sys.c.o runtime/api-testing/sync.c.o runtime/api-testing/weak.cpp.o runtime/api-testing/winsupport.cpp runtime/api-testing/gc.c.o runtime/api-testing/addrmap.cpp.o runtime/api-testing/intext.cpp runtime/api-testing/runtime_events_consumer.c runtime/api-testing/unixsupport.cpp runtime/api-testing/gc.cpp runtime/api-testing/startup_aux.cpp runtime/api-testing/address_class.cpp runtime/api-testing/backtrace.cpp.o runtime/api-testing/compatibility.c.o runtime/api-testing/intext.c runtime/api-testing/frame_descriptors.cpp.o runtime/api-testing/roots.c runtime/api-testing/runtime_events_consumer.cpp runtime/api-testing/debugger.c runtime/api-testing/debugger.c.o runtime/api-testing/compare.c.o runtime/api-testing/weak.c.o runtime/api-testing/version.cpp.o runtime/api-testing/winsupport.cpp.o runtime/api-testing/signals.c runtime/api-testing/osdeps.c runtime/api-testing/startup_aux.c.o runtime/api-testing/interp.cpp.o runtime/api-testing/memory.cpp.o runtime/api-testing/callback.cpp runtime/api-testing/startup.cpp runtime/api-testing/threads.c runtime/api-testing/backtrace_prim.cpp.o runtime/api-testing/s.cpp.o runtime/api-testing/compatibility.c runtime/api-testing/minor_gc.cpp.o runtime/api-testing/tsan.cpp runtime/api-testing/camlatomic.cpp.o runtime/api-testing/reverse.c.o runtime/api-testing/sys.cpp.o runtime/api-testing/finalise.c runtime/api-testing/fail.cpp.o runtime/api-testing/domain.cpp.o runtime/api-testing/globroots.c runtime/api-testing/exec.c runtime/api-testing/socketaddr.cpp.o runtime/api-testing/shared_heap.c.o runtime/api-testing/runtime_events.c runtime/api-testing/startup.c runtime/api-testing/io.cpp.o runtime/api-testing/skiplist.cpp.o runtime/api-testing/sync.cpp runtime/api-testing/alloc.c.o runtime/api-testing/weak.cpp runtime/api-testing/lf_skiplist.c runtime/api-testing/custom.cpp.o runtime/api-testing/startup_aux.c runtime/api-testing/osdeps.c.o runtime/api-testing/addrmap.cpp runtime/api-testing/gc_ctrl.c.o runtime/api-testing/memprof.cpp runtime/api-testing/opcodes.c runtime/api-testing/mlvalues.c runtime/api-testing/hash.c runtime/api-testing/startup.c.o runtime/api-testing/domain_state.c runtime/api-testing/hooks.c.o runtime/api-testing/unixsupport.c runtime/api-testing/instruct.c runtime/api-testing/s.cpp runtime/api-testing/backtrace.c runtime/api-testing/domain_state.c.o runtime/api-testing/domain.c.o runtime/api-testing/fix_code.cpp runtime/api-testing/instruct.c.o runtime/api-testing/config.c runtime/api-testing/gc_stats.cpp.o runtime/api-testing/signals.cpp runtime/api-testing/major_gc.c runtime/api-testing/mlvalues.cpp.o runtime/api-testing/codefrag.c runtime/api-testing/frame_descriptors.c.o runtime/api-testing/intext.cpp.o runtime/api-testing/instrtrace.c runtime/api-testing/bigarray.cpp.o runtime/api-testing/sys.cpp runtime/api-testing/reverse.c runtime/api-testing/hooks.cpp runtime/api-testing/unixsupport.c.o runtime/api-testing/m.cpp.o runtime/api-testing/fail.c.o runtime/api-testing/asm.cpp.o runtime/api-testing/major_gc.c.o runtime/api-testing/gc_stats.c.o runtime/api-testing/printexc.cpp runtime/api-testing/shared_heap.cpp.o runtime/api-testing/socketaddr.cpp runtime/api-testing/major_gc.cpp runtime/api-testing/fix_code.c.o runtime/api-testing/winsupport.c runtime/api-testing/addrmap.c runtime/api-testing/exec.cpp runtime/api-testing/prims.c.o runtime/api-testing/finalise.cpp runtime/api-testing/instrtrace.cpp.o runtime/api-testing/config.c.o runtime/api-testing/compatibility.cpp runtime/api-testing/socketaddr.c.o runtime/api-testing/sync.cpp.o runtime/api-testing/memprof.c.o runtime/api-testing/instruct.cpp.o runtime/api-testing/exec.cpp.o runtime/api-testing/callback.c.o runtime/api-testing/misc.c.o runtime/api-testing/io.cpp runtime/api-testing/sys.c runtime/api-testing/custom.cpp runtime/api-testing/hooks.cpp.o runtime/api-testing/compatibility.cpp.o runtime/api-testing/runtime_events.cpp.o runtime/api-testing/runtime_events_consumer.c.o runtime/api-testing/version.c.o runtime/api-testing/dynlink.cpp.o runtime/api-testing/md5.cpp.o runtime/api-testing/dynlink.c runtime/api-testing/intext.c.o runtime/api-testing/misc.cpp runtime/api-testing/misc.cpp.o runtime/api-testing/interp.cpp runtime/api-testing/lf_skiplist.cpp.o runtime/api-testing/memprof.c runtime/api-testing/instruct.cpp runtime/api-testing/domain.c runtime/api-testing/sizeclasses.c.o runtime/api-testing/blake2.c.o runtime/api-testing/custom.c runtime/api-testing/interp.c.o runtime/api-testing/compare.cpp.o runtime/api-testing/hooks.c runtime/api-testing/dynlink.cpp runtime/api-testing/shared_heap.cpp runtime/api-testing/address_class.cpp.o runtime/api-testing/asm.c runtime/api-testing/finalise.cpp.o runtime/api-testing/memory.c.o runtime/api-testing/callback.c runtime/api-testing/shared_heap.c runtime/api-testing/blake2.cpp runtime/api-testing/config.cpp.o runtime/api-testing/minor_gc.cpp runtime/api-testing/stack.cpp runtime/api-testing/codefrag.cpp.o runtime/api-testing/dynlink.c.o runtime/api-testing/fiber.cpp runtime/api-testing/gc_ctrl.cpp runtime/api-testing/instrtrace.c.o runtime/api-testing/runtime_events.c.o runtime/api-testing/m.c.o runtime/api-testing/major_gc.cpp.o runtime/api-testing/bigarray.c runtime/api-testing/startup.cpp.o runtime/api-testing/hash.cpp.o runtime/api-testing/domain.cpp runtime/api-testing/codefrag.c.o runtime/api-testing/compare.c runtime/api-testing/asm.cpp runtime/api-testing/fix_code.c runtime/api-testing/backtrace.c.o runtime/api-testing/opcodes.c.o runtime/api-testing/memory.cpp runtime/api-testing/printexc.c runtime/api-testing/socketaddr.c runtime/api-testing/memory.c runtime/api-testing/misc.c runtime/api-testing/alloc.cpp runtime/api-testing/gc.c runtime/api-testing/tsan.c runtime/api-testing/winsupport.c.o runtime/api-testing/alloc.c runtime/api-testing/gc_ctrl.cpp.o runtime/api-testing/threads.cpp runtime/api-testing/fiber.c.o runtime/api-testing/opcodes.cpp.o runtime/api-testing/callback.cpp.o runtime/api-testing/custom.c.o runtime/api-testing/globroots.c.o runtime/api-testing/fiber.cpp.o runtime/api-testing/skiplist.c.o runtime/api-testing/fail.c runtime/api-testing/minor_gc.c.o runtime/api-testing/sizeclasses.c runtime/api-testing/fiber.c runtime/api-testing/signals.cpp.o runtime/api-testing/platform.cpp.o runtime/api-testing/signals.c.o runtime/api-testing/s.c.o runtime/api-testing/config.cpp runtime/api-testing/domain_state.cpp.o runtime/api-testing/camlatomic.cpp runtime/api-testing/skiplist.c runtime/api-testing/minor_gc.c runtime/api-testing/hash.cpp runtime/api-testing/io.c runtime/api-testing/skiplist.cpp runtime/api-testing/compare.cpp runtime/api-testing/interp.c runtime/api-testing/gc_stats.cpp runtime/api-testing/printexc.c.o runtime/api-testing/instrtrace.cpp runtime/api-testing/domain_state.cpp runtime/api-testing/osdeps.cpp runtime/api-testing/platform.c.o runtime/api-testing/bigarray.cpp runtime/api-testing/printexc.cpp.o runtime/api-testing/address_class.c runtime/api-testing/alloc.cpp.o runtime/api-testing/gc_ctrl.c runtime/api-testing/debugger.cpp runtime/api-testing/gc_stats.c runtime/api-testing/sizeclasses.cpp.o runtime/api-testing/version.cpp runtime/api-testing/camlatomic.c runtime/api-testing/version.c runtime/api-testing/md5.c.o runtime/api-testing/s.c runtime/api-testing/fail.cpp runtime/api-testing/frame_descriptors.c runtime/api-testing/backtrace_prim.cpp runtime/api-testing/roots.c.o runtime/api-testing/globroots.cpp runtime/api-testing/codefrag.cpp runtime/api-testing/backtrace_prim.c.o runtime/api-testing/platform.c runtime/api-testing/prims.cpp runtime/api-testing/addrmap.c.o runtime/api-testing/camlatomic.c.o runtime/api-testing/hash.c.o runtime/api-testing/asm.c.o runtime/api-testing/io.c.o runtime/api-testing/lf_skiplist.c.o runtime/api-testing/fix_code.cpp.o
make[1]: Leaving directory '~/fp14505/be-base'
=== build ok ===
make -C testsuite all
make[1]: Entering directory '~/fp14505/be-base/testsuite'
Running tests from 'tests/afl-instrumentation' ...
 ... testing 'afl-fuzz-test.ml' => skipped
 ... testing 'afl-showmap-test.ml' => skipped
Running tests from 'tests/arch-power' ...
 ... testing 'exn_raise.ml' => skipped
Running tests from 'tests/array-functions' ...
 ... testing 'test.ml' => passed
 ... testing 'test_iarray.ml' => passed
Running tests from 'tests/asmcomp' ...
 ... testing '0001-test.ml' => passed
 ... testing 'bind_tuples.ml' => skipped
 ... testing 'compare.ml' => skipped
 ... testing 'evaluation_order.ml' => passed
 ... testing 'func_sections.ml' => skipped
 ... testing 'issue13875.ml' => passed
 ... testing 'lift_mutable_let_flambda.ml' => skipped
 ... testing 'optargs.ml' => skipped
 ... testing 'poll_attr_both.ml' => skipped
 ... testing 'poll_attr_inserted.ml' => skipped
 ... testing 'poll_attr_prologue.ml' => skipped
 ... testing 'poll_attr_user.ml' => skipped
 ... testing 'polling_insertion.ml' => skipped
 ... testing 'prevent_fma.ml' => skipped
 ... testing 'register_typing.ml' => skipped
 ... testing 'register_typing_switch.ml' => skipped
 ... testing 'regression_value_kinds.ml' => skipped
 ... testing 'select_addr.ml' => passed
 ... testing 'static_catch_unboxing.ml' => skipped
 ... testing 'staticalloc.ml' => skipped
 ... testing 'try_checkbound.ml' => passed
 ... testing 'unrolling_flambda.ml' => skipped
 ... testing 'unrolling_flambda2.ml' => skipped
Running tests from 'tests/asmgen' ...
 ... testing 'arith.cmm' => skipped
 ... testing 'catch-float.cmm' => skipped
 ... testing 'catch-multiple.cmm' => skipped
 ... testing 'catch-rec-deadhandler.cmm' => skipped
 ... testing 'catch-rec.cmm' => skipped
 ... testing 'catch-try-float.cmm' => skipped
 ... testing 'catch-try.cmm' => skipped
 ... testing 'checkbound.cmm' => skipped
 ... testing 'even-odd-spill-float.cmm' => skipped
 ... testing 'even-odd-spill.cmm' => skipped
 ... testing 'even-odd.cmm' => skipped
 ... testing 'fib.cmm' => skipped
 ... testing 'immediates.cmm' => skipped
 ... testing 'integr.cmm' => skipped
 ... testing 'invariants.cmm' => skipped
 ... testing 'pgcd.cmm' => skipped
 ... testing 'quicksort.cmm' => skipped
 ... testing 'quicksort2.cmm' => skipped
 ... testing 'soli.cmm' => skipped
 ... testing 'tagged-fib.cmm' => skipped
 ... testing 'tagged-integr.cmm' => skipped
 ... testing 'tagged-quicksort.cmm' => skipped
 ... testing 'tagged-tak.cmm' => skipped
 ... testing 'tak.cmm' => skipped
Running tests from 'tests/ast-invariants' ...
 ... testing 'test.ml' => skipped
Running tests from 'tests/atomic-locs' ...
 ... testing 'cmm.ml' => skipped
 ... testing 'record_fields.ml' => passed
Running tests from 'tests/backtrace' ...
 ... testing 'backtrace.ml' => passed
 ... testing 'backtrace2.ml' => passed
 ... testing 'backtrace3.ml' => passed
 ... testing 'backtrace_bounds_exn.ml' => passed
 ... testing 'backtrace_c_exn.ml' => passed
 ... testing 'backtrace_deprecated.ml' => passed
 ... testing 'backtrace_domain_join.ml' => passed
 ... testing 'backtrace_dynlink.ml' => skipped
 ... testing 'backtrace_effects.ml' => passed
 ... testing 'backtrace_effects_nested.ml' => passed
 ... testing 'backtrace_or_exception.ml' => passed
 ... testing 'backtrace_slots.ml' => passed
 ... testing 'backtrace_systhreads.ml' => passed
 ... testing 'backtraces_and_finalizers.ml' => skipped
 ... testing 'callstack.ml' => passed
 ... testing 'event_after_prim.ml' => passed
 ... testing 'inline_test.ml' => passed
 ... testing 'inline_traversal_test.ml' => passed
 ... testing 'lazy.ml' => skipped
 ... testing 'methods.ml' => passed
 ... testing 'names.ml' => passed
 ... testing 'pr2195.ml' => passed
 ... testing 'pr6920_why_at.ml' => passed
 ... testing 'pr6920_why_swallow.ml' => passed
 ... testing 'print_location.ml' => passed
 ... testing 'raw_backtrace.ml' => passed
Running tests from 'tests/badly-ordered-deps' ...
 ... testing 'coccinelle.ml' => passed
 ... testing 'main.ml' => passed
Running tests from 'tests/basic' ...
 ... testing 'arrays.ml' => passed
 ... testing 'bigints.ml' => passed
 ... testing 'boxedints.ml' => passed
 ... testing 'constprop.ml.c' => passed
 ... testing 'divint.ml' => passed
 ... testing 'equality.ml' => passed
 ... testing 'eval_order_1.ml' => passed
 ... testing 'eval_order_2.ml' => passed
 ... testing 'eval_order_3.ml' => passed
 ... testing 'eval_order_4.ml' => passed
 ... testing 'eval_order_6.ml' => passed
 ... testing 'eval_order_7.ml' => passed
 ... testing 'eval_order_8.ml' => passed
 ... testing 'eval_order_9.ml' => passed
 ... testing 'eval_order_pr10283.ml' => passed
 ... testing 'float.ml' => passed
 ... testing 'float_physical_equality.ml' => passed
 ... testing 'includestruct.ml' => passed
 ... testing 'localexn.ml' => passed
 ... testing 'localfunction.ml' => passed
 ... testing 'maps.ml' => passed
 ... testing 'min_int.ml' => passed
 ... testing 'objects.ml' => passed
 ... testing 'opt_variants.ml' => passed
 ... testing 'patmatch.ml' => passed
 ... testing 'patmatch_for_multiple.ml' => passed
 ... testing 'patmatch_incoherence.ml' => passed
 ... testing 'patmatch_split_no_or.ml' => passed
 ... testing 'pr7253.ml' => passed
 ... testing 'pr7533.ml' => passed
 ... testing 'pr7657.ml' => passed
 ... testing 'recvalues.ml' => passed
 ... testing 'sets.ml' => passed
 ... testing 'stringmatch.ml' => passed
 ... testing 'switch_opts.ml' => passed
 ... testing 'tailcalls.ml' => passed
 ... testing 'trigraph.ml' => passed
 ... testing 'tuple_match.ml' => passed
 ... testing 'unit_naming.ml' => passed
 ... testing 'zero_divided_by_n.ml' => passed
Running tests from 'tests/basic-float' ...
 ... testing 'float_compare.ml' => passed
 ... testing 'float_literals.ml' => passed
 ... testing 'tfloat_hex.ml' => passed
 ... testing 'tfloat_record.ml' => passed
 ... testing 'zero_sized_float_arrays.ml' => passed
Running tests from 'tests/basic-io' ...
 ... testing 'wc.ml' => passed
Running tests from 'tests/basic-io-2' ...
 ... testing 'io.ml' => passed
Running tests from 'tests/basic-manyargs' ...
 ... testing 'manyargs.ml' => passed
Running tests from 'tests/basic-modules' ...
 ... testing 'anonymous.ml' => passed
 ... testing 'main.ml' => passed
 ... testing 'pr11186.ml' => passed
 ... testing 'recursive_module_evaluation_errors.ml' => passed
 ... testing 'recursive_module_init.ml' => passed
Running tests from 'tests/basic-more' ...
 ... testing 'bounds.ml' => passed
 ... testing 'div_by_zero.ml' => passed
 ... testing 'function_in_ref.ml' => passed
 ... testing 'if_in_if.ml' => passed
 ... testing 'labels_evaluation_order.ml' => passed
 ... testing 'morematch.ml' => passed
 ... testing 'morematch64.ml' => passed
 ... testing 'opaque_prim.ml' => passed
 ... testing 'pr10294.ml' => passed
 ... testing 'pr10338.ml' => passed
 ... testing 'pr1271.ml' => passed
 ... testing 'pr2719.ml' => passed
 ... testing 'pr6216.ml' => passed
 ... testing 'pr7683.ml' => passed
 ... testing 'record_evaluation_order.ml' => passed
 ... testing 'robustmatch.ml' => passed
 ... testing 'safer_matching.ml' => passed
 ... testing 'sequential_and_or.ml' => passed
 ... testing 'simplif_under_lambda.ml' => passed
 ... testing 'structural_constants.ml' => passed
 ... testing 'tbuffer.ml' => passed
 ... testing 'top_level_patterns.ml' => passed
 ... testing 'tprintf.ml' => passed
Running tests from 'tests/basic-multdef' ...
 ... testing 'usemultdef.ml' => passed
Running tests from 'tests/basic-private' ...
 ... testing 'tlength.ml' => passed
Running tests from 'tests/bytecode-opcode-coverage' ...
 ... testing 'run.ml' => passed
Running tests from 'tests/c-api' ...
 ... testing 'aligned_alloc.ml' => passed
 ... testing 'alloc_async.ml' => passed
 ... testing 'c_noreturn.ml' => passed
 ... testing 'external.ml' => skipped
 ... testing 'test_c_thread_has_lock.ml' => passed
 ... testing 'test_c_thread_has_lock_systhread.ml' => passed
Running tests from 'tests/callback' ...
 ... testing 'callback_effects_domains_gc.ml' => skipped
 ... testing 'callback_effects_gc.ml' => skipped
 ... testing 'minor_named.ml' => passed
 ... testing 'nested_fiber.ml' => passed
 ... testing 'signals_alloc.ml' => passed
 ... testing 'stack_overflow.ml' => passed
 ... testing 'test1.ml' => passed
 ... testing 'test2.ml' => passed
 ... testing 'test3.ml' => passed
 ... testing 'test4.ml' => passed
 ... testing 'test5.ml' => passed
 ... testing 'test6.ml' => passed
 ... testing 'test7.ml' => passed
 ... testing 'test_finaliser_gc.ml' => passed
 ... testing 'test_gc_alarm.ml' => passed
 ... testing 'test_signalhandler.ml' => passed
Running tests from 'tests/compaction' ...
 ... testing 'test_compact_full.ml' => passed
 ... testing 'test_compact_manydomains.ml' => passed
 ... testing 'test_freelist_free.ml' => passed
Running tests from 'tests/compiler-libs' ...
 ... testing 'test_longident.ml' => passed
 ... testing 'test_untypeast.ml' => passed
Running tests from 'tests/cxx-api' ...
 ... testing 'cxx_api.ml' => passed
Running tests from 'tests/effect-syntax' ...
 ... testing 'coroutines.ml' => passed
 ... testing 'error_messages.ml' => passed
 ... testing 'iterators.ml' => passed
 ... testing 'resume_exn.ml' => passed
 ... testing 'shallow2deep.ml' => passed
 ... testing 'test1.ml' => passed
 ... testing 'test10.ml' => passed
 ... testing 'test11.ml' => passed
 ... testing 'test2.ml' => passed
 ... testing 'test3.ml' => passed
 ... testing 'test4.ml' => passed
 ... testing 'test5.ml' => passed
 ... testing 'test6.ml' => passed
 ... testing 'tutorial.ml' => passed
 ... testing 'when_test.ml' => passed
Running tests from 'tests/effects' ...
 ... testing 'backtrace.ml' => passed
 ... testing 'cmphash.ml' => passed
 ... testing 'evenodd.ml' => passed
 ... testing 'issue479.ml' => passed
 ... testing 'manylive.ml' => passed
 ... testing 'marshal.ml' => passed
 ... testing 'overflow.ml' => passed
 ... testing 'partial.ml' => passed
 ... testing 'reperform.ml' => passed
 ... testing 'sched.ml' => passed
 ... testing 'shallow_state.ml' => passed
 ... testing 'shallow_state_io.ml' => passed
 ... testing 'test1.ml' => passed
 ... testing 'test10.ml' => passed
 ... testing 'test11.ml' => passed
 ... testing 'test2.ml' => passed
 ... testing 'test3.ml' => passed
 ... testing 'test4.ml' => passed
 ... testing 'test5.ml' => passed
 ... testing 'test6.ml' => passed
 ... testing 'test_lazy.ml' => passed
 ... testing 'unhandled_effects.ml' => skipped
 ... testing 'unhandled_unlinked.ml' => passed
 ... testing 'used_cont.ml' => passed
Running tests from 'tests/embedded' ...
 ... testing 'cmcaml.ml' => passed
Running tests from 'tests/ephe-c-api' ...
 ... testing 'test.ml' => skipped
Running tests from 'tests/exotic-syntax' ...
 ... testing 'exotic.ml' => passed
Running tests from 'tests/extension-constructor' ...
 ... testing 'test.ml' => passed
Running tests from 'tests/flambda' ...
 ... testing 'afl_lazy.ml' => skipped
 ... testing 'approx_meet.ml' => skipped
 ... testing 'gpr2239.ml' => skipped
 ... testing 'gpr998.ml' => passed
 ... testing 'non_recursive_stub_inlining.ml' => skipped
 ... testing 'recursive_stubs.ml' => skipped
 ... testing 'specialise.ml' => skipped
Running tests from 'tests/float-unboxing' ...
 ... testing 'bug13448.ml' => passed
 ... testing 'bug13448bis.ml' => passed
 ... testing 'float_subst_boxed_number.ml' => skipped
 ... testing 'unbox_under_assign.ml' => passed
Running tests from 'tests/fma' ...
 ... testing 'fma.ml' => passed
Running tests from 'tests/formats-transition' ...
 ... testing 'deprecated_unsigned_printers.ml' => passed
 ... testing 'ignored_scan_counters.ml' => passed
 ... testing 'legacy_incompatible_flags.ml' => passed
 ... testing 'legacy_unfinished_modifiers.ml' => passed
Running tests from 'tests/formatting' ...
 ... testing 'errors_batch.ml' => passed
 ... testing 'margins.ml' => passed
 ... testing 'test_locations.ml' => passed
Running tests from 'tests/frame-pointers' ...
 ... testing 'c_call.ml' => skipped
 ... testing 'effects.ml' => skipped
 ... testing 'exception_handler.ml' => skipped
 ... testing 'exceptions.ml' => skipped
 ... testing 'qsort.ml' => skipped
 ... testing 'reperform.ml' => skipped
 ... testing 'stack_realloc.ml' => skipped
 ... testing 'stack_realloc2.ml' => skipped
Running tests from 'tests/functors' ...
 ... testing 'functors.ml' => passed
Running tests from 'tests/gc-roots' ...
 ... testing 'globroots.ml' => passed
 ... testing 'globroots_parallel.ml' => passed
 ... testing 'globroots_parallel_spawn_burn.ml' => passed
 ... testing 'globroots_sequential.ml' => passed
Running tests from 'tests/generalized-open' ...
 ... testing 'accepted_batch.ml' => passed
 ... testing 'accepted_expect.ml' => passed
 ... testing 'clambda_optim.ml' => skipped
 ... testing 'expansiveness.ml' => passed
 ... testing 'funct_body.ml' => passed
 ... testing 'gpr1506.ml' => passed
 ... testing 'pr10048.ml' => passed
 ... testing 'shadowing.ml' => passed
Running tests from 'tests/generated-parse-errors' ...
 ... testing 'errors.ml' => passed
Running tests from 'tests/hidden_includes' ...
 ... testing 'test.ml' => passed
Running tests from 'tests/int64-unboxing' ...
 ... testing 'test.ml' => skipped
Running tests from 'tests/lazy' ...
 ... testing 'lazy1.ml' => passed
 ... testing 'lazy10.ml' => passed
 ... testing 'lazy2.ml' => passed
 ... testing 'lazy3.ml' => passed
 ... testing 'lazy4.ml' => passed
 ... testing 'lazy5.ml' => passed
 ... testing 'lazy6.ml' => passed
 ... testing 'lazy7.ml' => passed
 ... testing 'lazy8.ml' => passed
 ... testing 'lazy9.ml' => passed
 ... testing 'minor_major_force.ml' => passed
Running tests from 'tests/let-syntax' ...
 ... testing 'let_syntax.ml' => passed
Running tests from 'tests/letrec-check' ...
 ... testing 'basic.ml' => passed
 ... testing 'extension_constructor.ml' => passed
 ... testing 'flat_float_array.ml' => passed
 ... testing 'float_unboxing.ml' => passed
 ... testing 'labels.ml' => passed
 ... testing 'lazy_.ml' => passed
 ... testing 'modules.ml' => passed
 ... testing 'no_flat_float_array.ml' => skipped
 ... testing 'objects.ml' => passed
 ... testing 'partial_application.ml' => passed
 ... testing 'pr7215.ml' => passed
 ... testing 'pr7231.ml' => passed
 ... testing 'pr7706.ml' => passed
 ... testing 'records.ml' => passed
 ... testing 'unboxed.ml' => passed
Running tests from 'tests/letrec-compilation' ...
 ... testing 'backreferences.ml' => passed
 ... testing 'class_1.ml' => passed
 ... testing 'class_2.ml' => passed
 ... testing 'evaluation_order_1.ml' => passed
 ... testing 'evaluation_order_2.ml' => passed
 ... testing 'evaluation_order_3.ml' => passed
 ... testing 'float_block_1.ml' => passed
 ... testing 'generic_array.ml' => passed
 ... testing 'labels.ml' => passed
 ... testing 'lazy_.ml' => passed
 ... testing 'lists.ml' => passed
 ... testing 'mixing_value_closures_1.ml' => passed
 ... testing 'mixing_value_closures_2.ml' => passed
 ... testing 'mutual_functions.ml' => passed
 ... testing 'nested.ml' => passed
 ... testing 'nested2.ml' => passed
 ... testing 'pr12153_miscompilation_of_recursive_atoms.ml' => passed
 ... testing 'pr4989.ml' => passed
 ... testing 'pr8681.ml' => passed
 ... testing 'record_with.ml' => passed
 ... testing 'ref.ml' => passed
 ... testing 'renamings.ml' => passed
Running tests from 'tests/lexing' ...
 ... testing 'comments.ml' => passed
 ... testing 'escape.ml' => passed
 ... testing 'newlines.ml' => passed
 ... testing 'reject_bad_encoding.ml' => passed
 ... testing 'uchar_esc.ml' => passed
Running tests from 'tests/lf_skiplist' ...
 ... testing 'test.ml' => passed
 ... testing 'test_parallel.ml' => passed
Running tests from 'tests/lib-arg' ...
 ... testing 'test_rest_all.ml' => passed
 ... testing 'testarg.ml' => passed
 ... testing 'testerror.ml' => skipped
Running tests from 'tests/lib-array' ...
 ... testing 'test_array.ml' => passed
 ... testing 'test_iarray.ml' => passed
Running tests from 'tests/lib-atomic' ...
 ... testing 'test_atomic.ml' => passed
Running tests from 'tests/lib-bigarray' ...
 ... testing 'bigarrays.ml' => passed
 ... testing 'change_layout.ml' => passed
 ... testing 'fftba.ml' => passed
 ... testing 'pr5115.ml' => passed
 ... testing 'reshape_overflow.ml' => passed
 ... testing 'specialized.ml' => passed
 ... testing 'subarraystub.ml' => passed
 ... testing 'weak_bigarray.ml' => passed
Running tests from 'tests/lib-bigarray-2' ...
 ... testing 'bigarrcml.ml' => passed
 ... testing 'bigarrfml.ml' => passed
Running tests from 'tests/lib-bigarray-file' ...
 ... testing 'mapfile.ml' => skipped
Running tests from 'tests/lib-bool' ...
 ... testing 'test.ml' => passed
Running tests from 'tests/lib-buffer' ...
 ... testing 'test.ml' => passed
Running tests from 'tests/lib-bytes' ...
 ... testing 'binary.ml' => passed
 ... testing 'test_bytes.ml' => passed
Running tests from 'tests/lib-bytes-utf' ...
 ... testing 'test.ml' => passed
Running tests from 'tests/lib-channels' ...
 ... testing 'bigarrays.ml' => passed
 ... testing 'buffered.ml' => passed
 ... testing 'close_during_flush.ml' => skipped
 ... testing 'close_in.ml' => passed
 ... testing 'close_out.ml' => passed
 ... testing 'in_channel_length.ml' => passed
 ... testing 'input_all.ml' => passed
 ... testing 'input_lines.ml' => passed
 ... testing 'refcounting.ml' => passed
 ... testing 'seek_in.ml' => passed
Running tests from 'tests/lib-char' ...
 ... testing 'test.ml' => passed
Running tests from 'tests/lib-digest' ...
 ... testing 'blake2b_self_test.ml' => passed
 ... testing 'digests.ml' => passed
 ... testing 'md5.ml' => passed
Running tests from 'tests/lib-domain' ...
 ... testing 'DLS_thread_safety.ml' => passed
Running tests from 'tests/lib-dynarray' ...
 ... testing 'heap_sort.ml' => passed
 ... testing 'test.ml' => passed
Running tests from 'tests/lib-dynlink-bytecode' ...
 ... testing 'main.ml' => passed
Running tests from 'tests/lib-dynlink-csharp' ...
 ... testing 'main.ml' => skipped
Running tests from 'tests/lib-dynlink-domains' ...
 ... testing 'main.ml' => passed
Running tests from 'tests/lib-dynlink-init-info' ...
 ... testing 'test.ml' => passed
Running tests from 'tests/lib-dynlink-initializers' ...
 ... testing 'test10_main.ml' => passed
 ... testing 'test1_main.ml' => passed
 ... testing 'test2_main.ml' => passed
 ... testing 'test3_main.ml' => passed
 ... testing 'test5_main.ml' => passed
 ... testing 'test6_main.ml' => passed
 ... testing 'test7_main.ml' => passed
 ... testing 'test8_main.ml' => passed
 ... testing 'test9_main.ml' => passed
Running tests from 'tests/lib-dynlink-native' ...
 ... testing 'main.ml' => skipped
Running tests from 'tests/lib-dynlink-packed' ...
 ... testing 'loader.ml' => passed
Running tests from 'tests/lib-dynlink-pr14323' ...
 ... testing 'test.ml' => skipped
Running tests from 'tests/lib-dynlink-pr4229' ...
 ... testing 'main.ml' => passed
Running tests from 'tests/lib-dynlink-pr4839' ...
 ... testing 'test.ml' => passed
Running tests from 'tests/lib-dynlink-pr6950' ...
 ... testing 'loader.ml' => passed
Running tests from 'tests/lib-dynlink-pr9209' ...
 ... testing 'dyn.ml' => passed
Running tests from 'tests/lib-dynlink-private' ...
 ... testing 'test.ml' => passed
Running tests from 'tests/lib-either' ...
 ... testing 'test.ml' => passed
Running tests from 'tests/lib-filename' ...
 ... testing 'extension.ml' => passed
 ... testing 'null.ml' => passed
 ... testing 'quotecommand.ml' => passed
 ... testing 'suffix.ml' => passed
 ... testing 'temp.ml' => passed
 ... testing 'windows.ml' => skipped
Running tests from 'tests/lib-float' ...
 ... testing 'test.ml' => passed
Running tests from 'tests/lib-floatarray' ...
 ... testing 'floatarray.ml' => passed
Running tests from 'tests/lib-format' ...
 ... testing 'breaks.ml' => passed
 ... testing 'domains.ml' => passed
 ... testing 'format_text.ml' => passed
 ... testing 'mc_pr586_par.ml' => passed
 ... testing 'mc_pr586_par2.ml' => passed
 ... testing 'pp_print_custom_break.ml' => passed
 ... testing 'pr6824.ml' => passed
 ... testing 'print_arrays.ml' => passed
 ... testing 'print_if_newline.ml' => passed
 ... testing 'print_seq.ml' => passed
 ... testing 'tformat.ml' => passed
 ... testing 'tlprintf.ml' => passed
 ... testing 'unicode.ml' => passed
Running tests from 'tests/lib-fun' ...
 ... testing 'test.ml' => passed
 ... testing 'test_stdlib_todo.ml' => passed
 ... testing 'test_stdlib_todo_flag_error.ml' => passed
Running tests from 'tests/lib-hashtbl' ...
 ... testing 'compatibility.ml' => passed
 ... testing 'hfun.ml' => passed
 ... testing 'htbl.ml' => passed
Running tests from 'tests/lib-int' ...
 ... testing 'test.ml' => passed
Running tests from 'tests/lib-int32' ...
 ... testing 'test.ml' => passed
Running tests from 'tests/lib-int64' ...
 ... testing 'issue9460.ml' => passed
 ... testing 'test.ml' => passed
Running tests from 'tests/lib-internalformat' ...
 ... testing 'test.ml' => passed
Running tests from 'tests/lib-lazy' ...
 ... testing 'test-mutexed.ml' => passed
 ... testing 'test.ml' => passed
Running tests from 'tests/lib-list' ...
 ... testing 'test.ml' => passed
Running tests from 'tests/lib-marshal' ...
 ... testing 'compressed.ml' => passed
 ... testing 'fuzzy.ml' => passed
 ... testing 'intern_final.ml' => passed
 ... testing 'intext.ml' => passed
 ... testing 'intext_par.ml' => passed
 ... testing 'marshal_bigarray.ml' => passed
Running tests from 'tests/lib-nativeint' ...
 ... testing 'test.ml' => passed
Running tests from 'tests/lib-obj' ...
 ... testing 'new_obj.ml' => passed
 ... testing 'reachable_words.ml' => passed
 ... testing 'reachable_words_bug.ml' => passed
 ... testing 'with_tag.ml' => passed
Running tests from 'tests/lib-option' ...
 ... testing 'test.ml' => passed
Running tests from 'tests/lib-pair' ...
 ... testing 'test.ml' => passed
Running tests from 'tests/lib-pqueue' ...
 ... testing 'test.ml' => passed
Running tests from 'tests/lib-printf' ...
 ... testing 'pr6534.ml' => passed
 ... testing 'pr6938.ml' => passed
 ... testing 'tlprintf.ml' => passed
 ... testing 'tprintf.ml' => passed
Running tests from 'tests/lib-queue' ...
 ... testing 'test.ml' => passed
Running tests from 'tests/lib-random' ...
 ... testing 'chi2.ml' => passed
 ... testing 'compat_32_64.ml' => passed
 ... testing 'defaultinit.ml' => passed
 ... testing 'parallel.ml' => passed
 ... testing 'selfinit.ml' => passed
 ... testing 'testvectors.ml' => passed
Running tests from 'tests/lib-result' ...
 ... testing 'test.ml' => passed
Running tests from 'tests/lib-runtime-events' ...
 ... testing 'test.ml' => passed
 ... testing 'test_caml.ml' => passed
 ... testing 'test_caml_counters.ml' => passed
 ... testing 'test_caml_exception.ml' => passed
 ... testing 'test_caml_parallel.ml' => passed
 ... testing 'test_caml_reentry.ml' => passed
 ... testing 'test_caml_runparams.ml' => passed
 ... testing 'test_caml_slot_reuse.ml' => passed
 ... testing 'test_caml_stubs_gc.ml' => passed
 ... testing 'test_compact.ml' => passed
 ... testing 'test_corrupted.ml' => passed
 ... testing 'test_create_cursor_failures.ml' => passed
 ... testing 'test_dropped_events.ml' => passed
 ... testing 'test_env_start.ml' => passed
 ... testing 'test_external.ml' => passed
 ... testing 'test_external_preserve.ml' => passed
 ... testing 'test_fork.ml' => passed
 ... testing 'test_instrumented.ml' => skipped
 ... testing 'test_timestamp_monotonic.ml' => passed
 ... testing 'test_user_event.ml' => passed
 ... testing 'test_user_event_signal.ml' => passed
 ... testing 'test_user_event_unknown.ml' => passed
Running tests from 'tests/lib-scanf' ...
 ... testing 'tscanf.ml' => passed
Running tests from 'tests/lib-scanf-2' ...
 ... testing 'tscanf2_master.ml' => passed
Running tests from 'tests/lib-seq' ...
 ... testing 'test.ml' => passed
Running tests from 'tests/lib-set' ...
 ... testing 'testmap.ml' => passed
 ... testing 'testset.ml' => passed
Running tests from 'tests/lib-stack' ...
 ... testing 'test.ml' => passed
Running tests from 'tests/lib-stdlabels' ...
 ... testing 'test_stdlabels.ml' => passed
Running tests from 'tests/lib-str' ...
 ... testing 'parallel.ml' => passed
 ... testing 't01.ml' => passed
Running tests from 'tests/lib-string' ...
 ... testing 'binary.ml' => passed
 ... testing 'test_string.ml' => passed
Running tests from 'tests/lib-sync' ...
 ... testing 'prodcons.ml' => passed
 ... testing 'trylock.ml' => passed
 ... testing 'trylock2.ml' => passed
Running tests from 'tests/lib-sys' ...
 ... testing 'immediate64.ml' => passed
 ... testing 'opaque.ml' => passed
 ... testing 'rename.ml' => passed
 ... testing 'signal.ml' => skipped
Running tests from 'tests/lib-systhreads' ...
 ... testing 'boundscheck.ml' => passed
 ... testing 'eintr.ml' => passed
 ... testing 'multicore_lifecycle.ml' => passed
 ... testing 'test_c_thread_register.ml' => passed
 ... testing 'testfork.ml' => passed
 ... testing 'testfork2.ml' => passed
 ... testing 'testpreempt.ml' => passed
 ... testing 'testyield.ml' => passed
 ... testing 'threadsigmask.ml' => passed
Running tests from 'tests/lib-threads' ...
 ... testing 'backtrace_threads.ml' => passed
 ... testing 'bank.ml' => passed
 ... testing 'bufchan.ml' => passed
 ... testing 'close.ml' => passed
 ... testing 'delayintr.ml' => passed
 ... testing 'fileio.ml' => passed
 ... testing 'mutex_errors.ml' => passed
 ... testing 'pr4466.ml' => skipped
 ... testing 'pr5325.ml' => passed
 ... testing 'pr7638.ml' => passed
 ... testing 'pr8857.ml' => passed
 ... testing 'prodcons.ml' => passed
 ... testing 'prodcons2.ml' => passed
 ... testing 'sieve.ml' => passed
 ... testing 'signal.ml' => passed
 ... testing 'sockets.ml' => passed
 ... testing 'swapchan.ml' => passed
 ... testing 'tls.ml' => passed
 ... testing 'torture.ml' => passed
 ... testing 'uncaught_exception_handler.ml' => passed
Running tests from 'tests/lib-uchar' ...
 ... testing 'test.ml' => passed
Running tests from 'tests/lib-unix/common' ...
 ... testing 'append.ml' => passed
 ... testing 'bigarrays.ml' => passed
 ... testing 'channel_of.ml' => passed
 ... testing 'cloexec.ml' => passed
 ... testing 'dup.ml' => passed
 ... testing 'dup2.ml' => passed
 ... testing 'fork_cleanup.ml' => passed
 ... testing 'fork_cleanup_systhreads.ml' => passed
 ... testing 'getaddrinfo.ml' => passed
 ... testing 'gethostbyaddr.ml' => passed
 ... testing 'multicore_fork_domain_alone.ml' => passed
 ... testing 'multicore_fork_domain_alone2.ml' => passed
 ... testing 'pipe_eof.ml' => passed
 ... testing 'process_pid.ml' => passed
 ... testing 'redirections.ml' => passed
 ... testing 'rename.ml' => passed
 ... testing 'sigwait.ml' => passed
 ... testing 'test_unix_cmdline.ml' => passed
 ... testing 'test_unixlabels.ml' => passed
 ... testing 'truncate.ml' => passed
 ... testing 'uexit.ml' => passed
 ... testing 'utimes.ml' => passed
 ... testing 'wait_nohang.ml' => passed
Running tests from 'tests/lib-unix/isatty' ...
 ... testing 'isatty_std.ml' => passed
 ... testing 'isatty_tty.ml' => skipped
Running tests from 'tests/lib-unix/kill' ...
 ... testing 'unix_kill.ml' => passed
Running tests from 'tests/lib-unix/realpath' ...
 ... testing 'test.ml' => passed
Running tests from 'tests/lib-unix/unix-execvpe' ...
 ... testing 'exec.ml' => skipped
Running tests from 'tests/lib-unix/unix-sockaddr' ...
 ... testing 'sockaddr_c.ml' => skipped
 ... testing 'sockaddr_cxx.ml' => passed
Running tests from 'tests/lib-unix/unix-socket' ...
 ... testing 'recvfrom_linux.ml' => passed
 ... testing 'recvfrom_unix.ml' => passed
Running tests from 'tests/lib-unix/win-channel-of' ...
 ... testing 'parallel_channel_of.ml' => skipped
Running tests from 'tests/lib-unix/win-createprocess' ...
 ... testing 'test.ml' => skipped
Running tests from 'tests/lib-unix/win-env' ...
 ... testing 'test_env.ml' => skipped
Running tests from 'tests/lib-unix/win-select' ...
 ... testing 'test.ml' => skipped
Running tests from 'tests/lib-unix/win-socketpair' ...
 ... testing 'test.ml' => skipped
Running tests from 'tests/lib-unix/win-stat' ...
 ... testing 'test.ml' => skipped
Running tests from 'tests/lib-unix/win-symlink' ...
 ... testing 'parallel_symlink.ml' => skipped
 ... testing 'test.ml' => skipped
Running tests from 'tests/link-test' ...
 ... testing 'empty.ml' => passed
 ... testing 'test.ml' => passed
Running tests from 'tests/load_path' ...
 ... testing 'test.ml' => passed
Running tests from 'tests/local-functions' ...
 ... testing 'non_local.ml' => passed
 ... testing 'tupled.ml' => passed
 ... testing 'tupled2.ml' => passed
Running tests from 'tests/locale' ...
 ... testing 'test.ml' => passed
Running tests from 'tests/manual-intf-c' ...
 ... testing 'prog.ml' => skipped
Running tests from 'tests/match-exception' ...
 ... testing 'allocation.ml' => passed
 ... testing 'exception_propagation.ml' => passed
 ... testing 'identifier_sharing.ml' => passed
 ... testing 'match_failure.ml' => passed
 ... testing 'nested_handlers.ml' => passed
 ... testing 'raise_from_success_continuation.ml' => passed
 ... testing 'streams.ml' => passed
 ... testing 'tail_calls.ml' => passed
Running tests from 'tests/match-exception-warnings' ...
 ... testing 'exhaustiveness_warnings.ml' => passed
 ... testing 'no_mixing_under_guard.ml' => passed
 ... testing 'no_value_clauses.ml' => passed
 ... testing 'placement.ml' => passed
 ... testing 'pr7083.ml' => passed
 ... testing 'reachability.ml' => passed
Running tests from 'tests/match-side-effects' ...
 ... testing 'check_partial.ml' => passed
 ... testing 'partiality.ml' => passed
 ... testing 'pr13152.ml' => passed
 ... testing 'test_contexts_code.ml' => passed
 ... testing 'test_contexts_results.ml' => passed
Running tests from 'tests/memory-model' ...
 ... testing 'forbidden.ml' => passed
 ... testing 'publish.ml' => passed
Running tests from 'tests/messages' ...
 ... testing 'highlight_tabs.ml' => passed
 ... testing 'precise_locations.ml' => passed
 ... testing 'spellcheck.ml' => passed
Running tests from 'tests/misc' ...
 ... testing 'bdd.ml' => passed
 ... testing 'boyer.ml' => passed
 ... testing 'darkening_work.ml' => skipped
 ... testing 'exotic.ml' => passed
 ... testing 'fib.ml' => passed
 ... testing 'gc_mark_stack_overflow.ml' => passed
 ... testing 'gctweaks.ml' => passed
 ... testing 'gcwords.ml' => passed
 ... testing 'gpr1370.ml' => passed
 ... testing 'hamming.ml' => passed
 ... testing 'nucleic.ml' => passed
 ... testing 'pr7168.ml' => passed
 ... testing 'sieve.ml' => passed
 ... testing 'sort_sub.ml' => passed
 ... testing 'sorts.ml' => passed
 ... testing 'stable_matching_test.ml' => skipped
 ... testing 'takc.ml' => passed
 ... testing 'taku.ml' => passed
Running tests from 'tests/misc-kb' ...
 ... testing 'kbmain.ml' => passed
Running tests from 'tests/misc-unsafe' ...
 ... testing 'almabench.ml' => passed
 ... testing 'fft.ml' => passed
 ... testing 'quicksort.ml' => passed
 ... testing 'soli.ml' => passed
Running tests from 'tests/native-debugger' ...
 ... testing 'gdb.ml' => skipped
 ... testing 'lldb.ml' => skipped
Running tests from 'tests/no-alias-deps' ...
 ... testing 'aliases.ml' => passed
 ... testing 'gpr2235.ml' => passed
Running tests from 'tests/opaque' ...
 ... testing 'test.ml' => skipped
Running tests from 'tests/output-complete-obj' ...
 ... testing 'github9344.ml' => passed
 ... testing 'test.ml' => passed
 ... testing 'test2.ml' => passed
Running tests from 'tests/parallel' ...
 ... testing 'atomics.ml' => passed
 ... testing 'backup_thread.ml' => passed
 ... testing 'backup_thread_pipe.ml' => passed
 ... testing 'catch_break.ml' => passed
 ... testing 'churn.ml' => passed
 ... testing 'constpromote.ml' => passed
 ... testing 'deadcont.ml' => passed
 ... testing 'domain_dls.ml' => passed
 ... testing 'domain_dls2.ml' => passed
 ... testing 'domain_id.ml' => passed
 ... testing 'domain_parallel_spawn_burn.ml' => passed
 ... testing 'domain_parallel_spawn_burn_gc_set.ml' => passed
 ... testing 'domain_serial_spawn_burn.ml' => passed
 ... testing 'fib_threads.ml' => passed
 ... testing 'fiber_migration.ml' => passed
 ... testing 'join.ml' => passed
 ... testing 'major_gc_wait_backup.ml' => passed
 ... testing 'max_domains1.ml' => passed
 ... testing 'max_domains2.ml' => skipped
 ... testing 'mctest.ml' => passed
 ... testing 'multicore_systhreads.ml' => passed
 ... testing 'pingpong.ml' => passed
 ... testing 'poll.ml' => passed
 ... testing 'prodcons_domains.ml' => passed
 ... testing 'recommended_domain_count.ml' => passed
 ... testing 'recommended_domain_count_unix.ml' => passed
 ... testing 'tak.ml' => passed
 ... testing 'test_c_thread_register.ml' => passed
 ... testing 'test_issue_11094.ml' => passed
Running tests from 'tests/parse-errors' ...
 ... testing 'bigarray_index_labels.ml' => passed
 ... testing 'escape_error.ml' => passed
 ... testing 'expecting.ml' => passed
 ... testing 'mismatch_struct_sig.ml' => passed
 ... testing 'pr7847.ml' => passed
 ... testing 'singleton_labeled_tuple_type.ml' => passed
 ... testing 'unclosed_class_signature.mli' => passed
 ... testing 'unclosed_class_simpl_expr1.ml' => passed
 ... testing 'unclosed_class_simpl_expr2.ml' => passed
 ... testing 'unclosed_class_simpl_expr3.ml' => passed
 ... testing 'unclosed_object.ml' => passed
 ... testing 'unclosed_paren_module_expr1.ml' => passed
 ... testing 'unclosed_paren_module_expr2.ml' => passed
 ... testing 'unclosed_paren_module_expr3.ml' => passed
 ... testing 'unclosed_paren_module_expr4.ml' => passed
 ... testing 'unclosed_paren_module_expr5.ml' => passed
 ... testing 'unclosed_paren_module_type.mli' => passed
 ... testing 'unclosed_sig.mli' => passed
 ... testing 'unclosed_simple_expr.ml' => passed
 ... testing 'unclosed_simple_pattern.ml' => passed
 ... testing 'unclosed_struct.ml' => passed
Running tests from 'tests/parsetree' ...
 ... testing 'locations_test.ml' => passed
 ... testing 'test.ml' => passed
Running tests from 'tests/parsing' ...
 ... testing 'anonymous_class_parameter.ml' => passed
 ... testing 'arrow_ambiguity.ml' => passed
 ... testing 'assert_location.ml' => passed
 ... testing 'attributes.ml' => passed
 ... testing 'broken_invariants.ml' => passed
 ... testing 'change_start_loc.ml' => passed
 ... testing 'comments.ml' => passed
 ... testing 'constructor_declarations.ml' => passed
 ... testing 'docstrings.ml' => passed
 ... testing 'extended_indexoperators.ml' => passed
 ... testing 'extension_operators.ml' => passed
 ... testing 'extensions.ml' => passed
 ... testing 'hash_ambiguity.ml' => passed
 ... testing 'int_and_float_with_modifier.ml' => passed
 ... testing 'latin9.ml' => passed
 ... testing 'multi_indices.ml' => passed
 ... testing 'pr10468.ml' => passed
 ... testing 'pr6604.ml' => passed
 ... testing 'pr6604_2.ml' => passed
 ... testing 'pr6604_3.ml' => passed
 ... testing 'pr6865.ml' => passed
 ... testing 'pr7165.ml' => passed
 ... testing 'prefix_op.ml' => passed
 ... testing 'quotedextensions.ml' => passed
 ... testing 'rawidents.ml' => passed
 ... testing 'reloc.ml' => passed
 ... testing 'shortcut_ext_attr.ml' => passed
Running tests from 'tests/ppx-attributes' ...
 ... testing 'inline.ml' => passed
 ... testing 'warning.ml' => passed
Running tests from 'tests/ppx-contexts' ...
 ... testing 'test.ml' => passed
Running tests from 'tests/prim-alias' ...
 ... testing 'attributes.ml' => passed
 ... testing 'incompatible_types.ml' => passed
 ... testing 'recursive_modules.ml' => passed
 ... testing 'signature_inclusion.ml' => passed
 ... testing 'unbound.ml' => passed
Running tests from 'tests/prim-bigstring' ...
 ... testing 'bigstring_access.ml' => passed
 ... testing 'string_access.ml' => passed
Running tests from 'tests/prim-bswap' ...
 ... testing 'bswap.ml' => passed
Running tests from 'tests/prim-revapply' ...
 ... testing 'apply.ml' => passed
 ... testing 'revapply.ml' => passed
Running tests from 'tests/printing-types' ...
 ... testing 'disambiguation.ml' => passed
 ... testing 'existentials.ml' => passed
 ... testing 'pr248.ml' => passed
Running tests from 'tests/raise-counts' ...
 ... testing 'main.ml' => passed
Running tests from 'tests/regression/gpr1623' ...
 ... testing 'gpr1623.ml' => passed
Running tests from 'tests/regression/missing_set_of_closures' ...
 ... testing 'missing_set_of_closures.ml' => skipped
Running tests from 'tests/regression/pr10611' ...
 ... testing 'pr10611.ml' => passed
Running tests from 'tests/regression/pr11865' ...
 ... testing 'mkroot.ml' => passed
Running tests from 'tests/regression/pr11887' ...
 ... testing 'pr11887.ml' => skipped
Running tests from 'tests/regression/pr1580' ...
 ... testing 'pr1580.ml' => passed
Running tests from 'tests/regression/pr3612' ...
 ... testing 'pr3612.ml' => passed
Running tests from 'tests/regression/pr5233' ...
 ... testing 'pr5233.ml' => passed
Running tests from 'tests/regression/pr5757' ...
 ... testing 'pr5757.ml' => passed
Running tests from 'tests/regression/pr6024' ...
 ... testing 'pr6024.ml' => passed
Running tests from 'tests/regression/pr7042' ...
 ... testing 'pr7042.ml' => passed
Running tests from 'tests/regression/pr7426' ...
 ... testing 'pr7426.ml' => passed
Running tests from 'tests/regression/pr7718' ...
 ... testing 'pr7718.ml' => passed
Running tests from 'tests/regression/pr7798' ...
 ... testing 'pr7798.ml' => passed
Running tests from 'tests/regression/pr7920' ...
 ... testing 'pr7920.ml' => passed
Running tests from 'tests/regression/pr8769' ...
 ... testing 'pr8769.ml' => passed
Running tests from 'tests/regression/pr9028' ...
 ... testing 'pr9028.ml' => passed
Running tests from 'tests/regression/pr9292' ...
 ... testing 'pr9292.ml' => passed
Running tests from 'tests/regression/pr9326' ...
 ... testing 'gc_set.ml' => passed
Running tests from 'tests/regression/pr9443' ...
 ... testing 'pr9443.ml' => passed
Running tests from 'tests/regression/pr9853' ...
 ... testing 'compaction_corner_case.ml' => passed
Running tests from 'tests/reproducibility' ...
 ... testing 'cmis_on_file_system.ml' => skipped
Running tests from 'tests/required-external' ...
 ... testing 'main.ml' => passed
Running tests from 'tests/runtime-C-exceptions' ...
 ... testing 'test.ml' => passed
Running tests from 'tests/runtime-errors' ...
 ... testing 'stackoverflow.ml' => passed
 ... testing 'syserror.ml' => passed
Running tests from 'tests/runtime-objects' ...
 ... testing 'Tests.ml' => passed
 ... testing 'toplevel_lets.ml' => passed
Running tests from 'tests/self-contained-toplevel' ...
 ... testing 'main.ml' => passed
Running tests from 'tests/shadow_include' ...
 ... testing 'artificial.ml' => passed
 ... testing 'cannot_shadow_error.ml' => passed
 ... testing 'ghosts.ml' => passed
 ... testing 'shadow_all.ml' => passed
Running tests from 'tests/shape-index' ...
 ... testing 'index.ml' => passed
 ... testing 'index_aliases.ml' => passed
 ... testing 'index_bindingops.ml' => passed
 ... testing 'index_constrs.ml' => passed
 ... testing 'index_constrs_records.ml' => passed
 ... testing 'index_functor.ml' => passed
 ... testing 'index_labels.ml' => passed
 ... testing 'index_local_opaque_defs.ml' => passed
 ... testing 'index_modules.ml' => passed
 ... testing 'index_objects.ml' => passed
 ... testing 'index_types.ml' => passed
 ... testing 'index_vb.ml' => passed
Running tests from 'tests/shapes' ...
 ... testing 'aliases.ml' => passed
 ... testing 'comp_units.ml' => passed
 ... testing 'functors.ml' => passed
 ... testing 'incl_md_typeof.ml' => passed
 ... testing 'more_func.ml' => passed
 ... testing 'nested_types.ml' => passed
 ... testing 'open_arg.ml' => passed
 ... testing 'open_struct.ml' => passed
 ... testing 'recmodules.ml' => passed
 ... testing 'rotor_example.ml' => passed
 ... testing 'shape_size_blowup.ml' => passed
 ... testing 'simple.ml' => passed
 ... testing 'typeof_include.ml' => passed
Running tests from 'tests/statmemprof' ...
 ... testing 'alloc_counts.ml' => passed
 ... testing 'arrays_in_major.ml' => passed
 ... testing 'arrays_in_minor.ml' => passed
 ... testing 'bigarray.ml' => passed
 ... testing 'blocking_in_callback.ml' => passed
 ... testing 'callstacks.ml' => passed
 ... testing 'comballoc.ml' => passed
 ... testing 'custom.ml' => passed
 ... testing 'discard_in_callback.ml' => passed
 ... testing 'exception_callback.ml' => passed
 ... testing 'exception_callback_minor.ml' => passed
 ... testing 'exception_comballoc.ml' => passed
 ... testing 'intern.ml' => passed
 ... testing 'lists_in_minor.ml' => passed
 ... testing 'minor_heap_edge.ml' => passed
 ... testing 'minor_no_postpone.ml' => passed
 ... testing 'moved_while_blocking.ml' => passed
 ... testing 'restart.ml' => passed
 ... testing 'start_stop.ml' => passed
 ... testing 'stop_start_in_callback.ml' => passed
 ... testing 'thread_exit_in_callback.ml' => passed
 ... testing 'user_data_regression.ml' => passed
Running tests from 'tests/syntactic-arity' ...
 ... testing 'alloc.ml' => skipped
 ... testing 'max_arity.ml' => skipped
 ... testing 'measure_arity.ml' => passed
 ... testing 'measure_runtime_arity.ml' => skipped
 ... testing 'syntactic_arity.ml' => passed
 ... testing 'warnings.ml' => passed
Running tests from 'tests/tmc' ...
 ... testing 'ambiguities.ml' => passed
 ... testing 'other_features.ml' => passed
 ... testing 'partial_application.ml' => passed
 ... testing 'readable_output.ml' => passed
 ... testing 'semantic.ml' => passed
 ... testing 'shortcut.ml' => passed
 ... testing 'stack_space.ml' => passed
 ... testing 'try_with.ml' => passed
 ... testing 'tupled_function.ml' => passed
 ... testing 'tupled_function_calls.ml' => passed
 ... testing 'usage_warnings.ml' => passed
Running tests from 'tests/tool-OCAMLRUNPARAM' ...
 ... testing 'test.ml' => passed
Running tests from 'tests/tool-caml-tex' ...
 ... testing 'ellipses.ml' => passed
 ... testing 'redirections.ml' => passed
Running tests from 'tests/tool-command-line' ...
 ... testing 'test-no-input-file.ml' => skipped
 ... testing 'test-o-one-c-file.ml' => skipped
 ... testing 'test-o-several-files.ml' => skipped
 ... testing 'test-unknown-file.ml' => passed
Running tests from 'tests/tool-debugger/basic' ...
 ... testing 'debuggee.ml' => passed
Running tests from 'tests/tool-debugger/dynlink' ...
 ... testing 'host.ml' => passed
Running tests from 'tests/tool-debugger/find-artifacts' ...
 ... testing 'debuggee.ml' => passed
Running tests from 'tests/tool-debugger/fns' ...
 ... testing 'debuggee.ml' => passed
Running tests from 'tests/tool-debugger/module_named_main' ...
 ... testing 'main.ml' => passed
Running tests from 'tests/tool-debugger/no_debug_event' ...
 ... testing 'noev.ml' => passed
Running tests from 'tests/tool-debugger/printer' ...
 ... testing 'debuggee.ml' => passed
Running tests from 'tests/tool-dumpobj' ...
 ... testing 'test.ml' => passed
Running tests from 'tests/tool-expect-test' ...
 ... testing 'clean_typer.ml' => passed
Running tests from 'tests/tool-lexyacc' ...
 ... testing 'calc.ml' => passed
 ... testing 'chars.mll' => passed
 ... testing 'csets.mll' => passed
 ... testing 'exhaustiveness_warning.mll' => passed
 ... testing 'fatal_warning.mll' => passed
 ... testing 'mpr7760.mll' => passed
 ... testing 'parsecheck.mly' => passed
 ... testing 'silenced_warning.mll' => passed
Running tests from 'tests/tool-ocaml' ...
 ... testing 'directive_failure.ml' => passed
 ... testing 'gpr12887.ml' => passed
 ... testing 't000.ml' => passed
 ... testing 't010-const0.ml' => passed
 ... testing 't010-const1.ml' => passed
 ... testing 't010-const2.ml' => passed
 ... testing 't010-const3.ml' => passed
 ... testing 't011-constint.ml' => passed
 ... testing 't020.ml' => passed
 ... testing 't021-pushconst1.ml' => passed
 ... testing 't021-pushconst2.ml' => passed
 ... testing 't021-pushconst3.ml' => passed
 ... testing 't022-pushconstint.ml' => passed
 ... testing 't040-makeblock1.ml' => passed
 ... testing 't040-makeblock2.ml' => passed
 ... testing 't040-makeblock3.ml' => passed
 ... testing 't041-makeblock.ml' => passed
 ... testing 't050-getglobal.ml' => passed
 ... testing 't050-pushgetglobal.ml' => passed
 ... testing 't051-getglobalfield.ml' => passed
 ... testing 't051-pushgetglobalfield.ml' => passed
 ... testing 't060-raise.ml' => passed
 ... testing 't070-branch.ml' => passed
 ... testing 't070-branchif.ml' => passed
 ... testing 't070-branchifnot.ml' => passed
 ... testing 't071-boolnot.ml' => passed
 ... testing 't080-eq.ml' => passed
 ... testing 't080-geint.ml' => passed
 ... testing 't080-gtint.ml' => passed
 ... testing 't080-leint.ml' => passed
 ... testing 't080-ltint.ml' => passed
 ... testing 't080-neq.ml' => passed
 ... testing 't090-acc0.ml' => passed
 ... testing 't090-acc1.ml' => passed
 ... testing 't090-acc2.ml' => passed
 ... testing 't090-acc3.ml' => passed
 ... testing 't090-acc4.ml' => passed
 ... testing 't090-acc5.ml' => passed
 ... testing 't090-acc6.ml' => passed
 ... testing 't090-acc7.ml' => passed
 ... testing 't091-acc.ml' => passed
 ... testing 't092-pushacc.ml' => passed
 ... testing 't092-pushacc0.ml' => passed
 ... testing 't092-pushacc1.ml' => passed
 ... testing 't092-pushacc2.ml' => passed
 ... testing 't092-pushacc3.ml' => passed
 ... testing 't092-pushacc4.ml' => passed
 ... testing 't092-pushacc5.ml' => passed
 ... testing 't092-pushacc6.ml' => passed
 ... testing 't092-pushacc7.ml' => passed
 ... testing 't093-pushacc.ml' => passed
 ... testing 't100-pushtrap.ml' => passed
 ... testing 't101-poptrap.ml' => passed
 ... testing 't110-addint.ml' => passed
 ... testing 't110-andint.ml' => passed
 ... testing 't110-asrint-1.ml' => passed
 ... testing 't110-asrint-2.ml' => passed
 ... testing 't110-divint-1.ml' => passed
 ... testing 't110-divint-2.ml' => passed
 ... testing 't110-divint-3.ml' => passed
 ... testing 't110-lslint.ml' => passed
 ... testing 't110-lsrint.ml' => passed
 ... testing 't110-modint-1.ml' => passed
 ... testing 't110-modint-2.ml' => passed
 ... testing 't110-mulint.ml' => passed
 ... testing 't110-negint.ml' => passed
 ... testing 't110-offsetint.ml' => passed
 ... testing 't110-orint.ml' => passed
 ... testing 't110-subint.ml' => passed
 ... testing 't110-xorint.ml' => passed
 ... testing 't120-getstringchar.ml' => passed
 ... testing 't121-setstringchar.ml' => passed
 ... testing 't130-getvectitem.ml' => passed
 ... testing 't130-vectlength.ml' => passed
 ... testing 't131-setvectitem.ml' => passed
 ... testing 't140-switch-1.ml' => passed
 ... testing 't140-switch-2.ml' => passed
 ... testing 't140-switch-3.ml' => passed
 ... testing 't140-switch-4.ml' => passed
 ... testing 't141-switch-5.ml' => passed
 ... testing 't141-switch-6.ml' => passed
 ... testing 't141-switch-7.ml' => passed
 ... testing 't142-switch-8.ml' => passed
 ... testing 't142-switch-9.ml' => passed
 ... testing 't142-switch-A.ml' => passed
 ... testing 't150-push-1.ml' => passed
 ... testing 't150-push-2.ml' => passed
 ... testing 't160-closure.ml' => passed
 ... testing 't161-apply1.ml' => passed
 ... testing 't162-return.ml' => passed
 ... testing 't163.ml' => passed
 ... testing 't164-apply2.ml' => passed
 ... testing 't164-apply3.ml' => passed
 ... testing 't165-apply.ml' => passed
 ... testing 't170-envacc2.ml' => passed
 ... testing 't170-envacc3.ml' => passed
 ... testing 't170-envacc4.ml' => passed
 ... testing 't171-envacc.ml' => passed
 ... testing 't172-pushenvacc1.ml' => passed
 ... testing 't172-pushenvacc2.ml' => passed
 ... testing 't172-pushenvacc3.ml' => passed
 ... testing 't172-pushenvacc4.ml' => passed
 ... testing 't173-pushenvacc.ml' => passed
 ... testing 't180-appterm1.ml' => passed
 ... testing 't180-appterm2.ml' => passed
 ... testing 't180-appterm3.ml' => passed
 ... testing 't181-appterm.ml' => passed
 ... testing 't190-makefloatblock-1.ml' => passed
 ... testing 't190-makefloatblock-2.ml' => passed
 ... testing 't190-makefloatblock-3.ml' => passed
 ... testing 't191-vectlength.ml' => passed
 ... testing 't192-getfloatfield-1.ml' => passed
 ... testing 't192-getfloatfield-2.ml' => passed
 ... testing 't193-setfloatfield-1.ml' => passed
 ... testing 't193-setfloatfield-2.ml' => passed
 ... testing 't200-getfield0.ml' => passed
 ... testing 't200-getfield1.ml' => passed
 ... testing 't200-getfield2.ml' => passed
 ... testing 't200-getfield3.ml' => passed
 ... testing 't201-getfield.ml' => passed
 ... testing 't210-setfield0.ml' => passed
 ... testing 't210-setfield1.ml' => passed
 ... testing 't210-setfield2.ml' => passed
 ... testing 't210-setfield3.ml' => passed
 ... testing 't211-setfield.ml' => passed
 ... testing 't220-assign.ml' => passed
 ... testing 't230-check_signals.ml' => passed
 ... testing 't240-c_call1.ml' => passed
 ... testing 't240-c_call2.ml' => passed
 ... testing 't240-c_call3.ml' => passed
 ... testing 't240-c_call4.ml' => passed
 ... testing 't240-c_call5.ml' => passed
 ... testing 't250-closurerec-1.ml' => passed
 ... testing 't250-closurerec-2.ml' => passed
 ... testing 't251-pushoffsetclosure0.ml' => passed
 ... testing 't251-pushoffsetclosure2.ml' => passed
 ... testing 't251-pushoffsetclosurem2.ml' => passed
 ... testing 't252-pushoffsetclosure.ml' => passed
 ... testing 't253-offsetclosure0.ml' => passed
 ... testing 't253-offsetclosure2.ml' => passed
 ... testing 't253-offsetclosurem2.ml' => passed
 ... testing 't254-offsetclosure.ml' => passed
 ... testing 't260-offsetref.ml' => passed
 ... testing 't270-push_retaddr.ml' => passed
 ... testing 't300-getmethod.ml' => passed
 ... testing 't301-object.ml' => passed
 ... testing 't310-alloc-1.ml' => passed
 ... testing 't310-alloc-2.ml' => passed
 ... testing 't320-gc-1.ml' => passed
 ... testing 't320-gc-2.ml' => passed
 ... testing 't320-gc-3.ml' => passed
 ... testing 't330-compact-1.ml' => passed
 ... testing 't330-compact-2.ml' => passed
 ... testing 't330-compact-3.ml' => passed
 ... testing 't330-compact-4.ml' => passed
 ... testing 't340-weak.ml' => passed
 ... testing 't350-heapcheck.ml' => passed
 ... testing 't360-stacks-1.ml' => passed
 ... testing 't360-stacks-2.ml' => passed
Running tests from 'tests/tool-ocaml-annot' ...
 ... testing 'failure.ml' => passed
 ... testing 'success.ml' => passed
 ... testing 'typeonly.ml' => passed
Running tests from 'tests/tool-ocamlc-compat32' ...
 ... testing 'compat32.ml' => passed
Running tests from 'tests/tool-ocamlc-determinism' ...
 ... testing 'determinism.ml' => passed
Running tests from 'tests/tool-ocamlc-error-cleanup' ...
 ... testing 'test.ml' => passed
Running tests from 'tests/tool-ocamlc-locations' ...
 ... testing 'marshalled.ml' => passed
 ... testing 'test.ml' => passed
Running tests from 'tests/tool-ocamlc-open' ...
 ... testing 'tool-ocamlc-open-error.ml' => passed
 ... testing 'tool-ocamlc-open.ml' => passed
Running tests from 'tests/tool-ocamlc-stop-after' ...
 ... testing 'stop_after_lambda.ml' => passed
 ... testing 'stop_after_parsing_impl.ml' => passed
 ... testing 'stop_after_parsing_intf.mli' => passed
 ... testing 'stop_after_scheduling.ml' => passed
 ... testing 'stop_after_typing_impl.ml' => passed
Running tests from 'tests/tool-ocamldep-modalias' ...
 ... testing 'main.ml' => passed
Running tests from 'tests/tool-ocamldep-shadowing' ...
 ... testing 'a.ml' => passed
Running tests from 'tests/tool-ocamldoc' ...
 ... testing 'Alert_toplevel.mli' => passed
 ... testing 'Alert_toplevel2.mli' => passed
 ... testing 'Alerts.mli' => passed
 ... testing 'Alerts_impl.ml' => passed
 ... testing 'Documentation_tags.mli' => passed
 ... testing 'Entities.ml' => passed
 ... testing 'Extensible_variant.ml' => passed
 ... testing 'Functions.ml' => passed
 ... testing 'Include_module_type_of.mli' => passed
 ... testing 'Inline_records.mli' => passed
 ... testing 'Inline_records_bis.ml' => passed
 ... testing 'Item_ids.mli' => passed
 ... testing 'Latin9.ml' => passed
 ... testing 'Level_0.mli' => passed
 ... testing 'Linebreaks.mli' => passed
 ... testing 'Loop.ml' => passed
 ... testing 'Module_whitespace.ml' => passed
 ... testing 'No_preamble.mli' => passed
 ... testing 'Paragraph.mli' => passed
 ... testing 'Short_description.txt' => passed
 ... testing 'Test.mli' => passed
 ... testing 'Variants.mli' => passed
 ... testing 'latex_ref.mli' => passed
 ... testing 't01.ml' => passed
 ... testing 't02.ml' => passed
 ... testing 't03.ml' => passed
 ... testing 't04.ml' => passed
 ... testing 't05.ml' => passed
Running tests from 'tests/tool-ocamldoc-open' ...
 ... testing 'main.ml' => passed
Running tests from 'tests/tool-ocamlobjinfo' ...
 ... testing 'question.ml' => skipped
Running tests from 'tests/tool-ocamlopt-save-ir' ...
 ... testing 'check_for_pack.ml' => skipped
 ... testing 'save_ir_after_scheduling.ml' => skipped
 ... testing 'save_ir_after_typing.ml' => skipped
 ... testing 'start_from_emit.ml' => skipped
Running tests from 'tests/tool-ocamlopt-stop-after' ...
 ... testing 'stop_after_lambda.ml' => skipped
 ... testing 'stop_after_scheduling.ml' => skipped
Running tests from 'tests/tool-ocamltest' ...
 ... testing 'and.test' => passed
 ... testing 'if.test' => passed
 ... testing 'negation.test' => passed
 ... testing 'norm1.ml' => passed
 ... testing 'norm2.ml' => passed
 ... testing 'norm3.ml' => passed
 ... testing 'norm4.ml' => passed
 ... testing 'or.test' => passed
 ... testing 'semantics.ml' => passed
Running tests from 'tests/tool-ocamltest-var-expansion' ...
 ... testing 'subst1.ml' => passed
 ... testing 'subst2.ml' => passed
Running tests from 'tests/tool-toplevel' ...
 ... testing 'constructor_printing.ml' => passed
 ... testing 'error_highlighting.ml' => passed
 ... testing 'exotic_lists.ml' => passed
 ... testing 'install_printer.ml' => passed
 ... testing 'mod_use.ml' => passed
 ... testing 'multi_phrase_line.ml' => passed
 ... testing 'pr6468.ml' => passed
 ... testing 'pr7060.ml' => passed
 ... testing 'pr7751.ml' => passed
 ... testing 'pr9701.ml' => passed
 ... testing 'printval.ml' => passed
 ... testing 'redefinition_hints.ml' => passed
 ... testing 'show.ml' => passed
 ... testing 'show_short_paths.ml' => passed
 ... testing 'strings.ml' => passed
 ... testing 'topeval.ml' => passed
 ... testing 'tracing.ml' => passed
 ... testing 'uncaught_exceptions.ml' => passed
 ... testing 'use_command.ml' => passed
Running tests from 'tests/tool-toplevel-invocation' ...
 ... testing 'test.ml' => passed
Running tests from 'tests/tool-toplevel/known-bugs' ...
 ... testing 'broken_rec_in_show.ml' => passed
Running tests from 'tests/translprim' ...
 ... testing 'array_spec.ml' => passed
 ... testing 'comparison_optim.ml' => passed
 ... testing 'comparison_table.ml' => passed
 ... testing 'locs.ml' => passed
 ... testing 'module_coercion.ml' => passed
 ... testing 'ref_spec.ml' => passed
 ... testing 'sendcache.ml' => passed
Running tests from 'tests/tsan' ...
 ... testing 'array_elt.ml' => skipped
 ... testing 'exn_from_c.ml' => skipped
 ... testing 'exn_from_c_stack_args.ml' => skipped
 ... testing 'exn_in_callback.ml' => skipped
 ... testing 'exn_reraise.ml' => skipped
 ... testing 'handlers_at_tail.ml' => skipped
 ... testing 'norace_atomics.ml' => skipped
 ... testing 'perform.ml' => skipped
 ... testing 'raise_through_handler.ml' => skipped
 ... testing 'record_field.ml' => skipped
 ... testing 'reperform.ml' => skipped
 ... testing 'unhandled.ml' => skipped
Running tests from 'tests/typedtree' ...
 ... testing 'module_presence.ml' => passed
Running tests from 'tests/typeopt' ...
 ... testing 'nested_unboxed.ml' => skipped
Running tests from 'tests/typing-core-bugs' ...
 ... testing 'const_int_hint.ml' => passed
 ... testing 'missing_rec_hint.ml' => passed
 ... testing 'repeated_did_you_mean.ml' => passed
 ... testing 'type_expected_explanation.ml' => passed
 ... testing 'unit_fun_hints.ml' => passed
Running tests from 'tests/typing-deprecated' ...
 ... testing 'alerts.ml' => passed
 ... testing 'deprecated.ml' => passed
Running tests from 'tests/typing-extension-constructor' ...
 ... testing 'test.ml' => passed
Running tests from 'tests/typing-extensions' ...
 ... testing 'cast.ml' => passed
 ... testing 'disambiguation.ml' => passed
 ... testing 'extensions.ml' => passed
 ... testing 'floatarray.ml' => passed
 ... testing 'iarray.ml' => passed
 ... testing 'msg.ml' => passed
 ... testing 'open_types.ml' => passed
Running tests from 'tests/typing-external' ...
 ... testing 'non_syntactic_arity.ml' => passed
 ... testing 'pr11392.ml' => passed
Running tests from 'tests/typing-fstclassmod' ...
 ... testing 'aliases.ml' => passed
 ... testing 'errors.ml' => passed
 ... testing 'fstclassmod.ml' => passed
 ... testing 'nondep_instance.ml' => passed
 ... testing 'scope_escape.ml' => passed
Running tests from 'tests/typing-gadts' ...
 ... testing 'ambiguity.ml' => passed
 ... testing 'ambivalent_apply.ml' => passed
 ... testing 'didier.ml' => passed
 ... testing 'dynamic_frisch.ml' => passed
 ... testing 'existential_as_pattern.ml' => passed
 ... testing 'gadthead.ml' => passed
 ... testing 'introduced_variables.ml' => passed
 ... testing 'name_existentials.ml' => passed
 ... testing 'nested_equations.ml' => passed
 ... testing 'omega07.ml' => passed
 ... testing 'optional_args.ml' => passed
 ... testing 'or_patterns.ml' => passed
 ... testing 'packed-module-recasting.ml' => passed
 ... testing 'pr10189.ml' => passed
 ... testing 'pr10271.ml' => passed
 ... testing 'pr10348.ml' => passed
 ... testing 'pr10735.ml' => passed
 ... testing 'pr10907.ml' => passed
 ... testing 'pr11888.ml' => passed
 ... testing 'pr13579.ml' => passed
 ... testing 'pr13881.ml' => passed
 ... testing 'pr5332.ml' => passed
 ... testing 'pr5689.ml' => passed
 ... testing 'pr5785.ml' => passed
 ... testing 'pr5848.ml' => passed
 ... testing 'pr5906.ml' => passed
 ... testing 'pr5948.ml' => passed
 ... testing 'pr5981.ml' => passed
 ... testing 'pr5985.ml' => passed
 ... testing 'pr5989.ml' => passed
 ... testing 'pr5997.ml' => passed
 ... testing 'pr6158.ml' => passed
 ... testing 'pr6163.ml' => passed
 ... testing 'pr6174.ml' => passed
 ... testing 'pr6241.ml' => passed
 ... testing 'pr6690.ml' => passed
 ... testing 'pr6817.ml' => passed
 ... testing 'pr6934.ml' => passed
 ... testing 'pr6980.ml' => passed
 ... testing 'pr6993_bad.ml' => passed
 ... testing 'pr7016.ml' => passed
 ... testing 'pr7160.ml' => passed
 ... testing 'pr7214.ml' => passed
 ... testing 'pr7222.ml' => passed
 ... testing 'pr7230.ml' => passed
 ... testing 'pr7234.ml' => passed
 ... testing 'pr7260.ml' => passed
 ... testing 'pr7269.ml' => passed
 ... testing 'pr7298.ml' => passed
 ... testing 'pr7374.ml' => passed
 ... testing 'pr7378.ml' => passed
 ... testing 'pr7381.ml' => passed
 ... testing 'pr7390.ml' => passed
 ... testing 'pr7391.ml' => passed
 ... testing 'pr7397.ml' => passed
 ... testing 'pr7421.ml' => passed
 ... testing 'pr7432.ml' => passed
 ... testing 'pr7520.ml' => passed
 ... testing 'pr7618.ml' => passed
 ... testing 'pr7747.ml' => passed
 ... testing 'pr7902.ml' => passed
 ... testing 'pr9019.ml' => passed
 ... testing 'pr9759.ml' => passed
 ... testing 'pr9799.ml' => passed
 ... testing 'principality-and-gadts.ml' => passed
 ... testing 'return_type.ml' => passed
 ... testing 'syntactic-arity.ml' => passed
 ... testing 'term-conv.ml' => passed
 ... testing 'test.ml' => passed
 ... testing 'unexpected_existentials.ml' => passed
 ... testing 'unify_mb.ml' => passed
 ... testing 'variables_in_mcomp.ml' => passed
 ... testing 'yallop_bugs.ml' => passed
Running tests from 'tests/typing-immediate' ...
 ... testing 'immediate.ml' => passed
Running tests from 'tests/typing-implicit_unpack' ...
 ... testing 'implicit_unpack.ml' => passed
Running tests from 'tests/typing-kind' ...
 ... testing 'kind_mismatch.ml' => passed
Running tests from 'tests/typing-labeled-tuples' ...
 ... testing 'labeled_tuple_patterns.ml' => passed
 ... testing 'labeled_tuples.ml' => passed
 ... testing 'labeled_tuples_and_constructors.ml' => passed
 ... testing 'labeled_tuples_dsource.ml' => passed
Running tests from 'tests/typing-labels' ...
 ... testing 'mixin.ml' => passed
 ... testing 'mixin2.ml' => passed
 ... testing 'mixin3.ml' => passed
 ... testing 'pr13658.ml' => passed
Running tests from 'tests/typing-misc' ...
 ... testing 'apply_non_function.ml' => passed
 ... testing 'automatic_generalize.ml' => passed
 ... testing 'build_as_type.ml' => passed
 ... testing 'coerce_principal.ml' => passed
 ... testing 'conjunctive_types.ml' => passed
 ... testing 'constraints.ml' => passed
 ... testing 'deep.ml' => passed
 ... testing 'disambiguate_principality.ml' => passed
 ... testing 'distant_errors.ml' => passed
 ... testing 'empty_variant.ml' => passed
 ... testing 'enrich_typedecl.ml' => passed
 ... testing 'errortrace_ambiguous_type_path_expansion.ml' => passed
 ... testing 'exotic_unifications.ml' => passed
 ... testing 'exp_denom.ml' => passed
 ... testing 'external_arity.ml' => passed
 ... testing 'filter_params.ml' => passed
 ... testing 'gpr2277.ml' => passed
 ... testing 'includeclass_errors.ml' => passed
 ... testing 'injectivity.ml' => passed
 ... testing 'inside_out.ml' => passed
 ... testing 'is_expansive.ml' => passed
 ... testing 'labels.ml' => passed
 ... testing 'let_rec_approx.ml' => passed
 ... testing 'let_rec_pat.ml' => passed
 ... testing 'letitem.ml' => passed
 ... testing 'magic_is_a_value.ml' => passed
 ... testing 'normalize_type.ml' => passed
 ... testing 'occur_check.ml' => passed
 ... testing 'open.ml' => passed
 ... testing 'optbinders.ml' => passed
 ... testing 'pat_type_sharing.ml' => passed
 ... testing 'pattern_open.ml' => passed
 ... testing 'polyvars.ml' => passed
 ... testing 'pr14603.ml' => passed
 ... testing 'pr6416.ml' => passed
 ... testing 'pr6634.ml' => passed
 ... testing 'pr6939-flat-float-array.ml' => passed
 ... testing 'pr6939-no-flat-float-array.ml' => skipped
 ... testing 'pr7103.ml' => passed
 ... testing 'pr7228.ml' => passed
 ... testing 'pr7668_bad.ml' => passed
 ... testing 'pr7712.ml' => passed
 ... testing 'pr7937.ml' => passed
 ... testing 'pr8548.ml' => passed
 ... testing 'pr8548_split.ml' => passed
 ... testing 'pr9314.ml' => passed
 ... testing 'printing.ml' => passed
 ... testing 'records.ml' => passed
 ... testing 'scope_escape.ml' => passed
 ... testing 'type_external.ml' => passed
 ... testing 'typecore_empty_polyvariant_error.ml' => passed
 ... testing 'typecore_errors.ml' => passed
 ... testing 'typecore_nolabel_errors.ml' => passed
 ... testing 'typetexp_errors.ml' => passed
 ... testing 'unbound_type_variables.ml' => passed
 ... testing 'unique_names_in_unification.ml' => passed
 ... testing 'variance.ml' => passed
 ... testing 'variant.ml' => passed
 ... testing 'wellfounded.ml' => passed
 ... testing 'wellfounded11150.ml' => passed
 ... testing 'wrong_kind.ml' => passed
Running tests from 'tests/typing-misc-bugs' ...
 ... testing 'core_array_reduced_ok.ml' => passed
 ... testing 'gadt_declaration_check.ml' => passed
 ... testing 'pr14554_1.ml' => passed
 ... testing 'pr6303_bad.ml' => passed
 ... testing 'pr6946_bad.ml' => passed
Running tests from 'tests/typing-missing-cmi' ...
 ... testing 'test.ml' => passed
Running tests from 'tests/typing-missing-cmi-2' ...
 ... testing 'test.ml' => passed
Running tests from 'tests/typing-missing-cmi-3' ...
 ... testing 'user.ml' => passed
Running tests from 'tests/typing-missing-cmi-manifest-record' ...
 ... testing 'test.ml' => passed
Running tests from 'tests/typing-modular-explicits' ...
 ... testing 'compiling.ml' => passed
 ... testing 'gadt.ml' => passed
 ... testing 'general.ml' => passed
 ... testing 'rectypes.ml' => passed
 ... testing 'separability.ml' => passed
 ... testing 'typedefs.ml' => passed
Running tests from 'tests/typing-modules' ...
 ... testing 'Test.ml' => passed
 ... testing 'aliases.ml' => passed
 ... testing 'anonymous.ml' => passed
 ... testing 'applicative_functor_type.ml' => passed
 ... testing 'extension_constructors_errors_test.ml' => passed
 ... testing 'firstclass.ml' => passed
 ... testing 'functors.ml' => passed
 ... testing 'generative.ml' => passed
 ... testing 'illegal_permutation.ml' => passed
 ... testing 'inclusion_errors.ml' => passed
 ... testing 'inclusion_errors_elision.ml' => passed
 ... testing 'keep_expansion.ml' => passed
 ... testing 'merge_constraint.ml' => passed
 ... testing 'mixmod5.ml' => passed
 ... testing 'module_type_substitution.ml' => passed
 ... testing 'nondep.ml' => passed
 ... testing 'nondep_private_abbrev.ml' => passed
 ... testing 'nongen.ml' => passed
 ... testing 'normalize_path.ml' => passed
 ... testing 'package_constraint.ml' => passed
 ... testing 'packed_module_levels.ml' => passed
 ... testing 'pr10298.ml' => passed
 ... testing 'pr10399.ml' => passed
 ... testing 'pr13185.ml' => passed
 ... testing 'pr5911.ml' => passed
 ... testing 'pr6394.ml' => passed
 ... testing 'pr6633.ml' => passed
 ... testing 'pr7207.ml' => passed
 ... testing 'pr7348.ml' => passed
 ... testing 'pr7726.ml' => passed
 ... testing 'pr7787.ml' => passed
 ... testing 'pr7818.ml' => passed
 ... testing 'pr7851.ml' => passed
 ... testing 'pr8810.ml' => passed
 ... testing 'pr9384.ml' => passed
 ... testing 'pr9695.ml' => passed
 ... testing 'printing.ml' => passed
 ... testing 'private.ml' => passed
 ... testing 'records_errors_test.ml' => passed
 ... testing 'recursive.ml' => passed
 ... testing 'struct_include_optimisation.ml' => skipped
 ... testing 'unroll_private_abbrev.ml' => passed
 ... testing 'variants_errors_test.ml' => passed
 ... testing 'with_ghosts.ml' => passed
Running tests from 'tests/typing-modules-bugs' ...
 ... testing 'gatien_baron_20131019_ok.ml' => passed
 ... testing 'pr10661_ok.ml' => passed
 ... testing 'pr10693_bad.ml' => passed
 ... testing 'pr13230.ml' => passed
 ... testing 'pr5164_ok.ml' => passed
 ... testing 'pr51_ok.ml' => passed
 ... testing 'pr5663_ok.ml' => passed
 ... testing 'pr5914_ok.ml' => passed
 ... testing 'pr6240_ok.ml' => passed
 ... testing 'pr6293_bad.ml' => passed
 ... testing 'pr6427_bad.ml' => passed
 ... testing 'pr6485_ok.ml' => passed
 ... testing 'pr6513_ok.ml' => passed
 ... testing 'pr6572_ok.ml' => passed
 ... testing 'pr6651_ok.ml' => passed
 ... testing 'pr6752_bad.ml' => passed
 ... testing 'pr6752_ok.ml' => passed
 ... testing 'pr6899_first_bad.ml' => passed
 ... testing 'pr6899_ok.ml' => passed
 ... testing 'pr6899_second_bad.ml' => passed
 ... testing 'pr6944_ok.ml' => passed
 ... testing 'pr6954_ok.ml' => passed
 ... testing 'pr6981_ok.ml' => passed
 ... testing 'pr6982_ok.ml' => passed
 ... testing 'pr6985_extended.ml' => passed
 ... testing 'pr6985_ok.ml' => passed
 ... testing 'pr6992_bad.ml' => passed
 ... testing 'pr7036_ok.ml' => passed
 ... testing 'pr7082_ok.ml' => passed
 ... testing 'pr7112_bad.ml' => passed
 ... testing 'pr7112_ok.ml' => passed
 ... testing 'pr7152_ok.ml' => passed
 ... testing 'pr7182_ok.ml' => passed
 ... testing 'pr7305_principal.ml' => passed
 ... testing 'pr7321_ok.ml' => passed
 ... testing 'pr7414_2_bad.ml' => passed
 ... testing 'pr7414_bad.ml' => passed
 ... testing 'pr7519_ok.ml' => passed
 ... testing 'pr7601_ok.ml' => passed
 ... testing 'pr7601a_ok.ml' => passed
 ... testing 'pr9695_bad.ml' => passed
Running tests from 'tests/typing-modules/inclusion_errors_with_renamed_source_file' ...
 ... testing 'test_renamed.ml' => passed
Running tests from 'tests/typing-modules/pr13099' ...
 ... testing 'test.ml' => skipped
Running tests from 'tests/typing-multifile' ...
 ... testing 'pr6372.ml' => passed
 ... testing 'pr7325.ml' => passed
 ... testing 'pr7563.ml' => passed
 ... testing 'pr9218.ml' => passed
Running tests from 'tests/typing-objects' ...
 ... testing 'Exemples.ml' => passed
 ... testing 'Tests.ml' => passed
 ... testing 'abstract_rows.ml' => passed
 ... testing 'class_2.ml' => passed
 ... testing 'dummy.ml' => passed
 ... testing 'errors.ml' => passed
 ... testing 'field_kind.ml' => passed
 ... testing 'nongen.ml' => passed
 ... testing 'objgraph7.ml' => passed
 ... testing 'open_in_classes.ml' => passed
 ... testing 'pr11569.ml' => passed
 ... testing 'pr13495.ml' => passed
 ... testing 'pr5545.ml' => passed
 ... testing 'pr5619_bad.ml' => passed
 ... testing 'pr5858.ml' => passed
 ... testing 'pr6123_bad.ml' => passed
 ... testing 'pr6383.ml' => passed
 ... testing 'pr6907_bad.ml' => passed
 ... testing 'pr7711_ok.ml' => passed
 ... testing 'self_cannot_be_closed.ml' => passed
 ... testing 'self_cannot_escape_pr7865.ml' => passed
 ... testing 'unbound-type-var.ml' => passed
Running tests from 'tests/typing-objects-bugs' ...
 ... testing 'pr12038.ml' => passed
 ... testing 'pr3968_bad.ml' => passed
 ... testing 'pr4018_bad.ml' => passed
 ... testing 'pr4435_bad.ml' => passed
 ... testing 'pr4766_ok.ml' => passed
 ... testing 'pr4824_ok.ml' => passed
 ... testing 'pr4824a_bad.ml' => passed
 ... testing 'pr5156_ok.ml' => passed
 ... testing 'pr7284_bad.ml' => passed
 ... testing 'pr7293_ok.ml' => passed
 ... testing 'woodyatt_ok.ml' => passed
 ... testing 'yamagata021012_ok.ml' => passed
Running tests from 'tests/typing-ocamlc-i' ...
 ... testing 'pervasives_leitmotiv.ml' => passed
 ... testing 'pr4791.ml' => passed
 ... testing 'pr6323.ml' => passed
 ... testing 'pr7402.ml' => passed
 ... testing 'pr7620_bad.ml' => passed
Running tests from 'tests/typing-poly' ...
 ... testing 'error_messages.ml' => passed
 ... testing 'poly.ml' => passed
 ... testing 'poly_params.ml' => passed
 ... testing 'pr11544.ml' => passed
 ... testing 'pr7636.ml' => passed
 ... testing 'pr9603.ml' => passed
Running tests from 'tests/typing-poly-bugs' ...
 ... testing 'pr5322_ok.ml' => passed
 ... testing 'pr5673_ok.ml' => passed
 ... testing 'pr6922_ok.ml' => passed
Running tests from 'tests/typing-polyvariants-bugs' ...
 ... testing 'pr10664.ml' => passed
 ... testing 'pr10664a.ml' => passed
 ... testing 'pr4775_ok.ml' => passed
 ... testing 'pr4933_ok.ml' => passed
 ... testing 'pr5057_ok.ml' => passed
 ... testing 'pr5057a_bad.ml' => passed
 ... testing 'pr7199_ok.ml' => passed
 ... testing 'pr7817_bad.ml' => passed
 ... testing 'pr7824.ml' => passed
 ... testing 'pr8575.ml' => passed
 ... testing 'privrowsabate_ok.ml' => passed
Running tests from 'tests/typing-polyvariants-bugs-2' ...
 ... testing 'pr3918c.ml' => passed
Running tests from 'tests/typing-private' ...
 ... testing 'invalid_private_row.ml' => passed
 ... testing 'private.ml' => passed
Running tests from 'tests/typing-private-bugs' ...
 ... testing 'pr5026_bad.ml' => passed
 ... testing 'pr5469_ok.ml' => passed
Running tests from 'tests/typing-recmod' ...
 ... testing 'gpr1626.ml' => passed
 ... testing 'inconsistent_constraints.ml' => passed
 ... testing 'inconsistent_types.ml' => passed
 ... testing 'pr13514.ml' => passed
 ... testing 'pr6491.ml' => passed
 ... testing 'pr9494.ml' => passed
 ... testing 'regression_destructive_subst.ml' => passed
 ... testing 't01bad.ml' => passed
 ... testing 't02bad.ml' => passed
 ... testing 't03ok.ml' => passed
 ... testing 't04bad.ml' => passed
 ... testing 't05bad.ml' => passed
 ... testing 't06ok.ml' => passed
 ... testing 't07bad.ml' => passed
 ... testing 't08bad.ml' => passed
 ... testing 't09bad.ml' => passed
 ... testing 't10ok.ml' => passed
 ... testing 't11bad.ml' => passed
 ... testing 't12bad.ml' => passed
 ... testing 't13ok.ml' => passed
 ... testing 't14bad.ml' => passed
 ... testing 't15bad.ml' => passed
 ... testing 't16ok.ml' => passed
 ... testing 't17ok.ml' => passed
 ... testing 't18ok.ml' => passed
 ... testing 't20ok.ml' => passed
 ... testing 't21ok.ml' => passed
 ... testing 't22ok.ml' => passed
Running tests from 'tests/typing-recordarg' ...
 ... testing 'recordarg.ml' => passed
Running tests from 'tests/typing-recovery' ...
 ... testing 'abstract_wrong_label.ml' => passed
 ... testing 'apply_non_function.ml' => passed
 ... testing 'apply_wrong_label.ml' => passed
 ... testing 'atomic_in_pattern.ml' => passed
 ... testing 'bind_existentials.ml' => passed
 ... testing 'bindings_type_clash.ml' => passed
 ... testing 'cannot_infer_signature.ml' => passed
 ... testing 'coercion_failure.ml' => passed
 ... testing 'constructor_labeled_arg.ml' => passed
 ... testing 'ctor_arity_mismatch.ml' => passed
 ... testing 'effect_pattern_below_toplevel.ml' => passed
 ... testing 'exception_pattern_disallowed.ml' => passed
 ... testing 'expr_not_a_record_type.ml' => passed
 ... testing 'expr_type_clash.ml' => passed
 ... testing 'extra_missing_tuple_label.ml' => passed
 ... testing 'function_arity_type_clash.ml' => passed
 ... testing 'id_wrong_ty.ml' => passed
 ... testing 'illegal_class_expr.ml' => passed
 ... testing 'illegal_letrec.ml' => passed
 ... testing 'illegal_reference_to_recursive_class.ml' => passed
 ... testing 'illegal_value_name.ml' => passed
 ... testing 'incoherent_label_order.ml' => passed
 ... testing 'inline_record_expected.ml' => passed
 ... testing 'inlined_record_escape.ml' => passed
 ... testing 'inside_check.ml' => passed
 ... testing 'inside_mli.ml' => passed
 ... testing 'instance_variable_not_mutable.ml' => passed
 ... testing 'invalid_atomic_loc_payload.ml' => passed
 ... testing 'invalid_continuation_pattern.ml' => passed
 ... testing 'invalid_extension_constructor_payload.ml' => passed
 ... testing 'invalid_format.ml' => passed
 ... testing 'invalid_interval_and_invalid_for_loop_index.ml' => passed
 ... testing 'label_mismatch.ml' => passed
 ... testing 'label_missing.ml' => passed
 ... testing 'label_multiply_defined.ml' => passed
 ... testing 'label_not_atomic.ml' => passed
 ... testing 'label_not_mutable.ml' => passed
 ... testing 'less_general.ml' => passed
 ... testing 'letop_andop_type_clash.ml' => passed
 ... testing 'literal_overflow.ml' => passed
 ... testing 'log_or_raise.ml' => passed
 ... testing 'missing_constructor_and_invalid_types.ml' => passed
 ... testing 'missing_errors_in_pattern.ml' => passed
 ... testing 'missing_type_constraint.ml' => passed
 ... testing 'mixed_value_and_exception_patterns_under_guard.ml' => passed
 ... testing 'modular_explicit_examples.ml' => passed
 ... testing 'modules_not_allowed.ml' => passed
 ... testing 'multiply_bound_variable.ml' => passed
 ... testing 'mutual_recursion.ml' => passed
 ... testing 'name_type_mismatch.ml' => passed
 ... testing 'no_value_clause.ml' => passed
 ... testing 'not_a_function.ml' => passed
 ... testing 'not_a_packed_module.ml' => passed
 ... testing 'not_a_polymorphic_variant.ml' => passed
 ... testing 'not_an_extension_constructor.ml' => passed
 ... testing 'not_an_object.ml' => passed
 ... testing 'not_subtype.ml' => passed
 ... testing 'not_subtype_nonrec.ml' => passed
 ... testing 'oop_label_tuples.ml' => passed
 ... testing 'optional_poly_param.ml' => passed
 ... testing 'or_pattern_type_clash.ml' => passed
 ... testing 'orpat_vars.ml' => passed
 ... testing 'outside_class.ml' => passed
 ... testing 'partial_tuple_pattern_bad_type.ml' => passed
 ... testing 'private_ctor.ml' => passed
 ... testing 'private_label.ml' => passed
 ... testing 'private_type.ml' => passed
 ... testing 'too_many_arguments.ml' => passed
 ... testing 'unbound_existential.ml' => passed
 ... testing 'unbound_instance_variable.ml' => passed
 ... testing 'unbound_modules.ml' => passed
 ... testing 'unbound_type_constructor.ml' => passed
 ... testing 'undefined_method.ml' => passed
 ... testing 'undefined_self_method.ml' => passed
 ... testing 'unexpected_existential.ml' => passed
 ... testing 'unify_errors.ml' => passed
 ... testing 'unknown_literal.ml' => passed
 ... testing 'unrefuted_pattern.ml' => passed
 ... testing 'value_multiply_overridden.ml' => passed
 ... testing 'virtual_class.ml' => passed
 ... testing 'wrong_expected_kind.ml' => passed
 ... testing 'wrong_name.ml' => passed
Running tests from 'tests/typing-rectypes-bugs' ...
 ... testing 'module_alias_wrapper.ml' => passed
 ... testing 'pr5343_bad.ml' => passed
 ... testing 'pr6174_bad.ml' => passed
 ... testing 'pr6870_bad.ml' => passed
Running tests from 'tests/typing-safe-linking' ...
 ... testing 'b_bad.ml' => passed
Running tests from 'tests/typing-shadowing-of-pervasives-submodules' ...
 ... testing 'redefine_largefile.ml' => passed
 ... testing 'redefine_largefile_top.ml' => passed
Running tests from 'tests/typing-short-paths' ...
 ... testing 'cycles.ml' => passed
 ... testing 'errors.ml' => passed
 ... testing 'gpr1223.ml' => passed
 ... testing 'pr5918.ml' => passed
 ... testing 'pr6836.ml' => passed
 ... testing 'pr7543.ml' => passed
 ... testing 'short-paths.ml' => passed
Running tests from 'tests/typing-signatures' ...
 ... testing 'els.ml' => passed
 ... testing 'nondep_regression.ml' => passed
 ... testing 'pr6371.ml' => passed
 ... testing 'pr6672.ml' => passed
 ... testing 'regression_tsubst_error.ml' => passed
Running tests from 'tests/typing-sigsubst' ...
 ... testing 'sig_local_aliases.ml' => passed
 ... testing 'sig_local_aliases_syntax_errors.ml' => passed
 ... testing 'sigsubst.ml' => passed
 ... testing 'test_locations.ml' => passed
Running tests from 'tests/typing-typeparam' ...
 ... testing 'newtype.ml' => passed
Running tests from 'tests/typing-unboxed' ...
 ... testing 'test.ml' => passed
Running tests from 'tests/typing-unboxed-types' ...
 ... testing 'test.ml' => passed
 ... testing 'test_flat.ml' => passed
 ... testing 'test_no_flat.ml' => skipped
Running tests from 'tests/typing-unicode' ...
 ... testing 'test.ml' => passed
Running tests from 'tests/typing-warnings' ...
 ... testing 'ambiguous_guarded_disjunction.ml' => passed
 ... testing 'application.ml' => passed
 ... testing 'coercions.ml' => passed
 ... testing 'disable_warnings_classes.ml' => passed
 ... testing 'exhaustiveness.ml' => passed
 ... testing 'fragile_matching.ml' => passed
 ... testing 'never_returns.ml' => passed
 ... testing 'open_warnings.ml' => passed
 ... testing 'pr5892.ml' => passed
 ... testing 'pr6587.ml' => passed
 ... testing 'pr6872.ml' => passed
 ... testing 'pr7085.ml' => passed
 ... testing 'pr7115.ml' => passed
 ... testing 'pr7261.ml' => passed
 ... testing 'pr7297.ml' => passed
 ... testing 'pr7553.ml' => passed
 ... testing 'pr9244.ml' => passed
 ... testing 'records.ml' => passed
 ... testing 'unused_functor_parameter.ml' => passed
 ... testing 'unused_rec.ml' => passed
 ... testing 'unused_recmodule.ml' => passed
 ... testing 'unused_types.ml' => passed
 ... testing 'warning16.ml' => passed
Running tests from 'tests/uid-deps' ...
 ... testing 'link_intf_impl.ml' => passed
Running tests from 'tests/uids' ...
 ... testing 'intf_uids_test.ml' => passed
Running tests from 'tests/unboxed-primitive-args' ...
 ... testing 'test.ml' => skipped
Running tests from 'tests/unicode' ...
 ... testing 'utf8_lexeme.ml' => passed
 ... testing '見.ml' => passed
Running tests from 'tests/unwind' ...
 ... testing 'driver.ml' => skipped
Running tests from 'tests/utils' ...
 ... testing 'edit_distance.ml' => passed
 ... testing 'find_first_mono.ml' => passed
 ... testing 'magic_number.ml' => passed
 ... testing 'overflow_detection.ml' => passed
 ... testing 'test_strongly_connected_components.ml' => passed
Running tests from 'tests/warnings' ...
 ... testing 'deprecated_module.ml' => passed
 ... testing 'deprecated_module_assigment.ml' => passed
 ... testing 'deprecated_module_use.ml' => passed
 ... testing 'deprecated_mutable.ml' => passed
 ... testing 'deprecated_warning_specs.ml' => passed
 ... testing 'mnemonics.mll' => passed
 ... testing 'w01.ml' => passed
 ... testing 'w03.ml' => passed
 ... testing 'w04.ml' => passed
 ... testing 'w04_failure.ml' => passed
 ... testing 'w06.ml' => passed
 ... testing 'w26_alias.ml' => passed
 ... testing 'w32.ml' => passed
 ... testing 'w32b.ml' => passed
 ... testing 'w33.ml' => passed
 ... testing 'w44.ml' => passed
 ... testing 'w45.ml' => passed
 ... testing 'w47_inline.ml' => passed
 ... testing 'w47_ppwarning.ml' => passed
 ... testing 'w50.ml' => passed
 ... testing 'w51.ml' => passed
 ... testing 'w51_bis.ml' => passed
 ... testing 'w52.ml' => passed
 ... testing 'w53.ml' => passed
 ... testing 'w53_across_cmi.ml' => passed
 ... testing 'w53_flags.ml' => passed
 ... testing 'w53_marshalled.ml' => passed
 ... testing 'w54.ml' => passed
 ... testing 'w55.ml' => passed
 ... testing 'w58.ml' => passed
 ... testing 'w59.ml' => passed
 ... testing 'w60.ml' => passed
 ... testing 'w74.ml' => passed
Running tests from 'tests/weak-ephe-final' ...
 ... testing 'ephe_custom.ml' => passed
 ... testing 'ephe_infix.ml' => passed
 ... testing 'ephetest.ml' => passed
 ... testing 'ephetest2.ml' => passed
 ... testing 'ephetest3.ml' => passed
 ... testing 'ephetest_par.ml' => passed
 ... testing 'ephetest_par_2.ml' => passed
 ... testing 'finaliser.ml' => passed
 ... testing 'finaliser2.ml' => passed
 ... testing 'finaliser_handover.ml' => passed
 ... testing 'pr12001.ml' => passed
 ... testing 'weak_array_par.ml' => passed
 ... testing 'weak_array_par_2.ml' => passed
 ... testing 'weaklifetime.ml' => passed
 ... testing 'weaklifetime2.ml' => passed
 ... testing 'weaklifetime_par.ml' => skipped
 ... testing 'weaktest.ml' => passed
 ... testing 'weaktest_par_load.ml' => passed
Running tests from 'tests/win-unicode' ...
 ... testing 'mltest.ml' => skipped


List of skipped tests:
    tests/afl-instrumentation
    tests/arch-power
    tests/asmcomp/bind_tuples.ml
    tests/asmcomp/compare.ml
    tests/asmcomp/func_sections.ml
    tests/asmcomp/lift_mutable_let_flambda.ml
    tests/asmcomp/optargs.ml
    tests/asmcomp/poll_attr_both.ml
    tests/asmcomp/poll_attr_inserted.ml
    tests/asmcomp/poll_attr_prologue.ml
    tests/asmcomp/poll_attr_user.ml
    tests/asmcomp/polling_insertion.ml
    tests/asmcomp/prevent_fma.ml
    tests/asmcomp/register_typing.ml
    tests/asmcomp/register_typing_switch.ml
    tests/asmcomp/regression_value_kinds.ml
    tests/asmcomp/static_catch_unboxing.ml
    tests/asmcomp/staticalloc.ml
    tests/asmcomp/unrolling_flambda.ml
    tests/asmcomp/unrolling_flambda2.ml
    tests/asmgen
    tests/ast-invariants
    tests/atomic-locs/cmm.ml
    tests/backtrace/backtrace_dynlink.ml
    tests/backtrace/backtraces_and_finalizers.ml
    tests/backtrace/lazy.ml
    tests/c-api/external.ml
    tests/callback/callback_effects_domains_gc.ml
    tests/callback/callback_effects_gc.ml
    tests/effects/unhandled_effects.ml
    tests/ephe-c-api
    tests/flambda/afl_lazy.ml
    tests/flambda/approx_meet.ml
    tests/flambda/gpr2239.ml
    tests/flambda/non_recursive_stub_inlining.ml
    tests/flambda/recursive_stubs.ml
    tests/flambda/specialise.ml
    tests/float-unboxing/float_subst_boxed_number.ml
    tests/frame-pointers
    tests/generalized-open/clambda_optim.ml
    tests/int64-unboxing
    tests/letrec-check/no_flat_float_array.ml
    tests/lib-arg/testerror.ml
    tests/lib-bigarray-file
    tests/lib-channels/close_during_flush.ml
    tests/lib-dynlink-csharp
    tests/lib-dynlink-native
    tests/lib-dynlink-pr14323
    tests/lib-filename/windows.ml
    tests/lib-runtime-events/test_instrumented.ml
    tests/lib-sys/signal.ml
    tests/lib-threads/pr4466.ml
    tests/lib-unix/isatty/isatty_tty.ml
    tests/lib-unix/unix-execvpe
    tests/lib-unix/unix-sockaddr/sockaddr_c.ml
    tests/lib-unix/win-channel-of
    tests/lib-unix/win-createprocess
    tests/lib-unix/win-env
    tests/lib-unix/win-select
    tests/lib-unix/win-socketpair
    tests/lib-unix/win-stat
    tests/lib-unix/win-symlink
    tests/manual-intf-c
    tests/misc/darkening_work.ml
    tests/misc/stable_matching_test.ml
    tests/native-debugger
    tests/opaque
    tests/parallel/max_domains2.ml
    tests/regression/missing_set_of_closures
    tests/regression/pr11887
    tests/reproducibility
    tests/syntactic-arity/alloc.ml
    tests/syntactic-arity/max_arity.ml
    tests/syntactic-arity/measure_runtime_arity.ml
    tests/tool-command-line/test-no-input-file.ml
    tests/tool-command-line/test-o-one-c-file.ml
    tests/tool-command-line/test-o-several-files.ml
    tests/tool-ocamlobjinfo
    tests/tool-ocamlopt-save-ir
    tests/tool-ocamlopt-stop-after
    tests/tsan
    tests/typeopt
    tests/typing-misc/pr6939-no-flat-float-array.ml
    tests/typing-modules/pr13099
    tests/typing-modules/struct_include_optimisation.ml
    tests/typing-unboxed-types/test_no_flat.ml
    tests/unboxed-primitive-args
    tests/unwind
    tests/weak-ephe-final/weaklifetime_par.ml
    tests/win-unicode

Summary:
  1534 tests passed
   138 tests skipped
     0 tests failed
     0 tests not started (parent test skipped or failed)
     0 unexpected errors
  1672 tests considered
make[1]: Leaving directory '~/fp14505/be-base/testsuite'
=== tests rc=0 ===
